key,paper,bmp,response_class,treatment,control,response_var,species,error_class,beta,n,sd,se,lcl,ucl,xbar_e,n_e,sd_e,se_e,lcl_e,ucl_e,xbar_c,n_c,sd_c,se_c,lcl_c,ucl_c,notes
6S3L3WXJ,Ahlering et al. 2019,Prescribed fire,abundance,Time since fire (1-year),NA,abundance,bobolink,standard_error,0.065,298,NA,0.078,NA,NA,NA,NA,NA,NA,NA,NA,NA,NA,NA,NA,NA,NA,NA
6S3L3WXJ,Ahlering et al. 2019,Prescribed fire,abundance,Time since fire (2-year),NA,abundance,bobolink,standard_error,-0.375,298,NA,0.084,NA,NA,NA,NA,NA,NA,NA,NA,NA,NA,NA,NA,NA,NA,NA
6S3L3WXJ,Ahlering et al. 2019,Prescribed fire,abundance,Time since fire (3-year),NA,abundance,bobolink,standard_error,-0.46,298,NA,0.107,NA,NA,NA,NA,NA,NA,NA,NA,NA,NA,NA,NA,NA,NA,NA
6S3L3WXJ,Ahlering et al. 2019,Prescribed fire,abundance,Time since fire (>3 years),NA,abundance,bobolink,standard_error,-0.24,298,NA,0.078,NA,NA,NA,NA,NA,NA,NA,NA,NA,NA,NA,NA,NA,NA,NA
6S3L3WXJ,Ahlering et al. 2019,Prescribed fire,abundance,Time since fire (1-year),NA,abundance,dickcissel,standard_error,0.608,298,NA,0.098,NA,NA,NA,NA,NA,NA,NA,NA,NA,NA,NA,NA,NA,NA,NA
6S3L3WXJ,Ahlering et al. 2019,Prescribed fire,abundance,Time since fire (2-year),NA,abundance,dickcissel,standard_error,0.133,298,NA,0.12,NA,NA,NA,NA,NA,NA,NA,NA,NA,NA,NA,NA,NA,NA,NA
6S3L3WXJ,Ahlering et al. 2019,Prescribed fire,abundance,Time since fire (3-year),NA,abundance,dickcissel,standard_error,-0.41,298,NA,0.21,NA,NA,NA,NA,NA,NA,NA,NA,NA,NA,NA,NA,NA,NA,NA
6S3L3WXJ,Ahlering et al. 2019,Prescribed fire,abundance,Time since fire (>3 years),NA,abundance,dickcissel,standard_error,0.125,298,NA,0.102,NA,NA,NA,NA,NA,NA,NA,NA,NA,NA,NA,NA,NA,NA,NA
6S3L3WXJ,Ahlering et al. 2019,Prescribed fire,abundance,Time since fire (1-year),NA,abundance,eastern_meadowlark,standard_error,0.926,298,NA,0.469,NA,NA,NA,NA,NA,NA,NA,NA,NA,NA,NA,NA,NA,NA,NA
6S3L3WXJ,Ahlering et al. 2019,Prescribed fire,abundance,Time since fire (2-year),NA,abundance,eastern_meadowlark,standard_error,-0.286,298,NA,0.526,NA,NA,NA,NA,NA,NA,NA,NA,NA,NA,NA,NA,NA,NA,NA
6S3L3WXJ,Ahlering et al. 2019,Prescribed fire,abundance,Time since fire (3-year),NA,abundance,eastern_meadowlark,standard_error,0.077,298,NA,0.707,NA,NA,NA,NA,NA,NA,NA,NA,NA,NA,NA,NA,NA,NA,NA
6S3L3WXJ,Ahlering et al. 2019,Prescribed fire,abundance,Time since fire (>3 years),NA,abundance,eastern_meadowlark,standard_error,0.398,298,NA,0.485,NA,NA,NA,NA,NA,NA,NA,NA,NA,NA,NA,NA,NA,NA,NA
6S3L3WXJ,Ahlering et al. 2019,Prescribed fire,abundance,Time since fire (1-year),NA,abundance,grasshopper_sparrow,standard_error,0.278,298,NA,0.134,NA,NA,NA,NA,NA,NA,NA,NA,NA,NA,NA,NA,NA,NA,NA
6S3L3WXJ,Ahlering et al. 2019,Prescribed fire,abundance,Time since fire (2-year),NA,abundance,grasshopper_sparrow,standard_error,0.317,298,NA,0.137,NA,NA,NA,NA,NA,NA,NA,NA,NA,NA,NA,NA,NA,NA,NA
6S3L3WXJ,Ahlering et al. 2019,Prescribed fire,abundance,Time since fire (3-year),NA,abundance,grasshopper_sparrow,standard_error,0.22,298,NA,0.167,NA,NA,NA,NA,NA,NA,NA,NA,NA,NA,NA,NA,NA,NA,NA
6S3L3WXJ,Ahlering et al. 2019,Prescribed fire,abundance,Time since fire (>3 years),NA,abundance,grasshopper_sparrow,standard_error,0.628,298,NA,0.125,NA,NA,NA,NA,NA,NA,NA,NA,NA,NA,NA,NA,NA,NA,NA
6S3L3WXJ,Ahlering et al. 2019,Prescribed fire,abundance,Time since fire (1-year),NA,abundance,savannah_sparrow,standard_error,0.353,298,NA,0.13,NA,NA,NA,NA,NA,NA,NA,NA,NA,NA,NA,NA,NA,NA,NA
6S3L3WXJ,Ahlering et al. 2019,Prescribed fire,abundance,Time since fire (2-year),NA,abundance,savannah_sparrow,standard_error,0.469,298,NA,0.134,NA,NA,NA,NA,NA,NA,NA,NA,NA,NA,NA,NA,NA,NA,NA
6S3L3WXJ,Ahlering et al. 2019,Prescribed fire,abundance,Time since fire (3-year),NA,abundance,savannah_sparrow,standard_error,0.947,298,NA,0.148,NA,NA,NA,NA,NA,NA,NA,NA,NA,NA,NA,NA,NA,NA,NA
6S3L3WXJ,Ahlering et al. 2019,Prescribed fire,abundance,Time since fire (>3 years),NA,abundance,savannah_sparrow,standard_error,0.543,298,NA,0.132,NA,NA,NA,NA,NA,NA,NA,NA,NA,NA,NA,NA,NA,NA,NA
47Y8JMQT,Assandri et al. 2017,eliminate_pesticides,abundance,Organic vineyard,Conventional vineyard,Abundance of nests,all_species,standard_error,-0.384,21,NA,0.394,NA,NA,NA,NA,NA,NA,NA,NA,NA,NA,NA,NA,NA,NA,NA
47Y8JMQT,Assandri et al. 2017,eliminate_pesticides,nest_success,Organic vineyard,Conventional vineyard,Daily nest failure,all_species,standard_error,-0.411,104,NA,0.585,NA,NA,NA,NA,NA,NA,NA,NA,NA,NA,NA,NA,NA,NA,NA
RAN8HLMY,Chamberlain et al. 2010,eliminate_pesticides,abundance,Organic farm,Conventional farm,Abundance (2001),farmland_bird_indicator_species,confidence_intervals,0.169,86,NA,NA,-0.542,0.881,NA,NA,NA,NA,NA,NA,NA,NA,NA,NA,NA,NA,"This is already an effect size; FBI represents ""Farmland bird indicator species"""
RAN8HLMY,Chamberlain et al. 2010,eliminate_pesticides,species_richness,Organic farm,Conventional farm,species_richness (2001),farmland_bird_indicator_species,confidence_intervals,0.001,86,NA,NA,-1.028,1.028,NA,NA,NA,NA,NA,NA,NA,NA,NA,NA,NA,NA,"This is already an effect size; FBI represents ""Farmland bird indicator species"""
RAN8HLMY,Chamberlain et al. 2010,eliminate_pesticides,abundance,Organic farm,Conventional farm,Abundance (2003),farmland_bird_indicator_species,confidence_intervals,0.052,86,NA,NA,-0.61,0.713,NA,NA,NA,NA,NA,NA,NA,NA,NA,NA,NA,NA,"This is already an effect size; FBI represents ""Farmland bird indicator species"""
ZHWJP6Y8,Codesido and Bilenca 2021,summer_pasture_stockpiling,abundance,Rotationally grazed fields,Continually grazed fields,Total abundance,all_species,standard_error,0.11,237,NA,0.18,NA,NA,NA,NA,NA,NA,NA,NA,NA,NA,NA,NA,NA,NA,"This is rotational grazing, but not summer pasture stockpiling (cattle were rotated every 15-30 days during the spring and summer)"
5QFBJNUI,Conkling et al. 2017,Plant native warm season grasses (NWSGs) and wildflowers,nest_success,Multiharvest mixed NWSG,multiharvest monoculture NWSG (switchgrass),Nest survival,dickcissel,standard_deviation,0.001,94,1.037,NA,NA,NA,NA,NA,NA,NA,NA,NA,NA,NA,NA,NA,NA,NA,NA
5QFBJNUI,Conkling et al. 2017,Plant native warm season grasses (NWSGs) and wildflowers,abundance,Multiharvest mixed NWSG,multiharvest monoculture NWSG (switchgrass),Nest density,dickcissel,standard_deviation,3.989,94,1.719,NA,NA,NA,NA,NA,NA,NA,NA,NA,NA,NA,NA,NA,NA,NA,NA
4DES8R2Q,Conkling et al. 2018,Plant native warm season grasses (NWSGs) and wildflowers,abundance,Multi-harvest NWSG (summer),multi-harvest monoculture NWSG (switchgrass; Summer),relative density (per 10ha),all_species,standard_error,1.54,16,NA,0.23,NA,NA,NA,NA,NA,NA,NA,NA,NA,NA,NA,NA,NA,NA,"Obtained from supplemental information, table S4; I'm a little unclear on the sample size (might want to double-check)"
4DES8R2Q,Conkling et al. 2018,Plant native warm season grasses (NWSGs) and wildflowers,abundance,Multi-harvest NWSG (early winter),multi-harvest monoculture NWSG (switchgrass; early winter),relative density (per 10ha),all_species,standard_error,-0.5,16,NA,0.26,NA,NA,NA,NA,NA,NA,NA,NA,NA,NA,NA,NA,NA,NA,"Obtained from supplemental information, table S4; I'm a little unclear on the sample size (might want to double-check)"
4DES8R2Q,Conkling et al. 2018,Plant native warm season grasses (NWSGs) and wildflowers,abundance,Multi-harvest NWSG (late winter),multi-harvest monoculture NWSG (switchgrass; late winter),relative density (per 10ha),all_species,standard_error,-1.58,16,NA,0.37,NA,NA,NA,NA,NA,NA,NA,NA,NA,NA,NA,NA,NA,NA,"Obtained from supplemental information, table S4; I'm a little unclear on the sample size (might want to double-check)"
4G526MHA,Coon et al. 2022,remove_non-native_species,abundance,Herbicide spraying and seeding,No spraying or seeding,Male abundance per patch,dickcissel,standard_error,0.95,4,NA,0.37,NA,NA,NA,NA,NA,NA,NA,NA,NA,NA,NA,NA,NA,NA,NA
4G526MHA,Coon et al. 2022,remove_non-native_species,abundance,Herbicide spraying and seeding,No spraying or seeding,Total nests per patch,dickcissel,standard_error,1.34,4,NA,0.58,NA,NA,NA,NA,NA,NA,NA,NA,NA,NA,NA,NA,NA,NA,NA
4G526MHA,Coon et al. 2022,remove_non-native_species,nest_success,Herbicide spraying and seeding,No spraying or seeding,Nest survival,dickcissel,standard_error,1.37,45,NA,0.53,NA,NA,NA,36,NA,NA,NA,NA,NA,9,NA,NA,NA,NA,NA
LRBMJG8I,Del Valle et al. 2024,Prescribed fire,abundance,No disturbance,Fire disturbance,Abundance ratio between treatment and control,dickcissel,standard_error,0.5,28,NA,0.073,NA,NA,NA,NA,NA,NA,NA,NA,NA,NA,NA,NA,NA,NA,Weird response to wrap one's head around; one year post fire
LRBMJG8I,Del Valle et al. 2024,Prescribed fire,abundance,No disturbance,Fire disturbance,Abundance ratio between treatment and control,eastern_meadowlark,standard_error,0.408,28,NA,0.172,NA,NA,NA,NA,NA,NA,NA,NA,NA,NA,NA,NA,NA,NA,Weird response to wrap one's head around; one year post fire
LRBMJG8I,Del Valle et al. 2024,Prescribed fire,abundance,No disturbance,Fire disturbance,Abundance ratio between treatment and control,grasshopper_sparrow,standard_error,0.353,28,NA,0.135,NA,NA,NA,NA,NA,NA,NA,NA,NA,NA,NA,NA,NA,NA,Weird response to wrap one's head around; one year post fire
LRBMJG8I,Del Valle et al. 2024,Prescribed fire,abundance,No disturbance,Fire disturbance,Abundance ratio between treatment and control,henslows_sparrow,standard_error,2.69,28,NA,0.818,NA,NA,NA,NA,NA,NA,NA,NA,NA,NA,NA,NA,NA,NA,Weird response to wrap one's head around; one year post fire
KSACJCJN,Hovick and Miller 2016,edge_and_shrub_habitat,nest_success,Near (within 0.5 m^2 quadrat) woody cover,Not near (within 0.5 m^2 quadrat) woody cover,Nest survival,eastern_meadowlark,standard_error; confidence_intervals,-0.07,95,NA,0.04,-0.15,0.001,NA,NA,NA,NA,NA,NA,NA,NA,NA,NA,NA,NA,NA
86MSLRJN,Kirk et al. 2020,"Eliminate the use of pesticides, including insecticides and rodenticides",abundance,Organic farm,Conventional farm,abundance (Sasketchewan),american_goldfinch,confidence_intervals,-0.28,20,NA,NA,-1.41,-0.83,NA,NA,NA,NA,NA,NA,NA,NA,NA,NA,NA,NA,NA
86MSLRJN,Kirk et al. 2020,"Eliminate the use of pesticides, including insecticides and rodenticides",abundance,Organic farm,Conventional farm,abundance (Ontario),american_goldfinch,confidence_intervals,0.31,20,NA,NA,-0.14,0.75,NA,NA,NA,NA,NA,NA,NA,NA,NA,NA,NA,NA,NA
86MSLRJN,Kirk et al. 2020,"Eliminate the use of pesticides, including insecticides and rodenticides",abundance,Organic farm,Conventional farm,abundance (Quebec),american_goldfinch,confidence_intervals,0.5,14,NA,NA,-0.15,1.17,NA,NA,NA,NA,NA,NA,NA,NA,NA,NA,NA,NA,NA
86MSLRJN,Kirk et al. 2020,"Eliminate the use of pesticides, including insecticides and rodenticides",abundance,Organic farm,Conventional farm,abundance (Ontario),american_kestrel,confidence_intervals,0.27,20,NA,NA,-0.92,1.47,NA,NA,NA,NA,NA,NA,NA,NA,NA,NA,NA,NA,NA
86MSLRJN,Kirk et al. 2020,"Eliminate the use of pesticides, including insecticides and rodenticides",abundance,Organic farm,Conventional farm,abundance (Quebec),american_kestrel,confidence_intervals,-0.26,14,NA,NA,-1.46,0.92,NA,NA,NA,NA,NA,NA,NA,NA,NA,NA,NA,NA,NA
86MSLRJN,Kirk et al. 2020,"Eliminate the use of pesticides, including insecticides and rodenticides",abundance,Organic farm,Conventional farm,abundance (Sasketchewan),bobolink,confidence_intervals,-0.28,20,NA,NA,-1.65,1.04,NA,NA,NA,NA,NA,NA,NA,NA,NA,NA,NA,NA,NA
86MSLRJN,Kirk et al. 2020,"Eliminate the use of pesticides, including insecticides and rodenticides",abundance,Organic farm,Conventional farm,abundance (Ontario),bobolink,confidence_intervals,0.7,20,NA,NA,0.42,0.98,NA,NA,NA,NA,NA,NA,NA,NA,NA,NA,NA,NA,NA
86MSLRJN,Kirk et al. 2020,"Eliminate the use of pesticides, including insecticides and rodenticides",abundance,Organic farm,Conventional farm,abundance (Quebec),bobolink,confidence_intervals,-0.05,14,NA,NA,-0.31,0.21,NA,NA,NA,NA,NA,NA,NA,NA,NA,NA,NA,NA,NA
86MSLRJN,Kirk et al. 2020,"Eliminate the use of pesticides, including insecticides and rodenticides",abundance,Organic farm,Conventional farm,abundance (Ontario),common_yellowthroat,confidence_intervals,-0.31,20,NA,NA,-1.04,0.43,NA,NA,NA,NA,NA,NA,NA,NA,NA,NA,NA,NA,NA
86MSLRJN,Kirk et al. 2020,"Eliminate the use of pesticides, including insecticides and rodenticides",abundance,Organic farm,Conventional farm,abundance (Quebec),common_yellowthroat,confidence_intervals,0.12,14,NA,NA,-0.28,0.55,NA,NA,NA,NA,NA,NA,NA,NA,NA,NA,NA,NA,NA
86MSLRJN,Kirk et al. 2020,"Eliminate the use of pesticides, including insecticides and rodenticides",abundance,Organic farm,Conventional farm,abundance (Ontario),eastern_meadowlark,confidence_intervals,0.77,20,NA,NA,0.3,1.22,NA,NA,NA,NA,NA,NA,NA,NA,NA,NA,NA,NA,NA
86MSLRJN,Kirk et al. 2020,"Eliminate the use of pesticides, including insecticides and rodenticides",abundance,Organic farm,Conventional farm,abundance (Quebec),eastern_meadowlark,confidence_intervals,0.79,14,NA,NA,0.22,1.39,NA,NA,NA,NA,NA,NA,NA,NA,NA,NA,NA,NA,NA
86MSLRJN,Kirk et al. 2020,"Eliminate the use of pesticides, including insecticides and rodenticides",abundance,Organic farm,Conventional farm,abundance (Ontario),indigo_bunting,confidence_intervals,-0.81,20,NA,NA,-1.81,0.14,NA,NA,NA,NA,NA,NA,NA,NA,NA,NA,NA,NA,NA
86MSLRJN,Kirk et al. 2020,"Eliminate the use of pesticides, including insecticides and rodenticides",abundance,Organic farm,Conventional farm,abundance (Sasketchewan),loggerhead_shrike,confidence_intervals,0.51,20,NA,NA,-1.4,2.48,NA,NA,NA,NA,NA,NA,NA,NA,NA,NA,NA,NA,NA
86MSLRJN,Kirk et al. 2020,"Eliminate the use of pesticides, including insecticides and rodenticides",abundance,Organic farm,Conventional farm,abundance (Sasketchewan),northern_harrier,confidence_intervals,1.88,20,NA,NA,0.51,3.45,NA,NA,NA,NA,NA,NA,NA,NA,NA,NA,NA,NA,NA
86MSLRJN,Kirk et al. 2020,"Eliminate the use of pesticides, including insecticides and rodenticides",abundance,Organic farm,Conventional farm,abundance (Ontario),northern_harrier,confidence_intervals,-0.05,20,NA,NA,-1.02,0.92,NA,NA,NA,NA,NA,NA,NA,NA,NA,NA,NA,NA,NA
86MSLRJN,Kirk et al. 2020,"Eliminate the use of pesticides, including insecticides and rodenticides",abundance,Organic farm,Conventional farm,abundance (Sasketchewan),red_winged_blackbird,confidence_intervals,0.58,20,NA,NA,0.18,0.98,NA,NA,NA,NA,NA,NA,NA,NA,NA,NA,NA,NA,NA
86MSLRJN,Kirk et al. 2020,"Eliminate the use of pesticides, including insecticides and rodenticides",abundance,Organic farm,Conventional farm,abundance (Ontario),red_winged_blackbird,confidence_intervals,0.25,20,NA,NA,0.02,0.47,NA,NA,NA,NA,NA,NA,NA,NA,NA,NA,NA,NA,NA
86MSLRJN,Kirk et al. 2020,"Eliminate the use of pesticides, including insecticides and rodenticides",abundance,Organic farm,Conventional farm,abundance (Quebec),red_winged_blackbird,confidence_intervals,-0.11,14,NA,NA,-0.49,0.26,NA,NA,NA,NA,NA,NA,NA,NA,NA,NA,NA,NA,NA
86MSLRJN,Kirk et al. 2020,"Eliminate the use of pesticides, including insecticides and rodenticides",abundance,Organic farm,Conventional farm,abundance (Sasketchewan),savannah_sparrow,confidence_intervals,0.12,20,NA,NA,-0.21,0.45,NA,NA,NA,NA,NA,NA,NA,NA,NA,NA,NA,NA,NA
86MSLRJN,Kirk et al. 2020,"Eliminate the use of pesticides, including insecticides and rodenticides",abundance,Organic farm,Conventional farm,abundance (Ontario),savannah_sparrow,confidence_intervals,0.06,20,NA,NA,-0.08,0.2,NA,NA,NA,NA,NA,NA,NA,NA,NA,NA,NA,NA,NA
86MSLRJN,Kirk et al. 2020,"Eliminate the use of pesticides, including insecticides and rodenticides",abundance,Organic farm,Conventional farm,abundance (Quebec),savannah_sparrow,confidence_intervals,-0.1,14,NA,NA,-0.31,0.11,NA,NA,NA,NA,NA,NA,NA,NA,NA,NA,NA,NA,NA
86MSLRJN,Kirk et al. 2020,"Eliminate the use of pesticides, including insecticides and rodenticides",abundance,Organic farm,Conventional farm,abundance (Sasketchewan),song_sparrow,confidence_intervals,-0.12,20,NA,NA,-0.8,0.59,NA,NA,NA,NA,NA,NA,NA,NA,NA,NA,NA,NA,NA
86MSLRJN,Kirk et al. 2020,"Eliminate the use of pesticides, including insecticides and rodenticides",abundance,Organic farm,Conventional farm,abundance (Ontario),song_sparrow,confidence_intervals,0.07,20,NA,NA,-0.16,0.3,NA,NA,NA,NA,NA,NA,NA,NA,NA,NA,NA,NA,NA
86MSLRJN,Kirk et al. 2020,"Eliminate the use of pesticides, including insecticides and rodenticides",abundance,Organic farm,Conventional farm,abundance (Quebec),song_sparrow,confidence_intervals,0.65,14,NA,NA,0.31,1,NA,NA,NA,NA,NA,NA,NA,NA,NA,NA,NA,NA,NA
86MSLRJN,Kirk et al. 2020,"Eliminate the use of pesticides, including insecticides and rodenticides",abundance,Organic farm,Conventional farm,abundance (Ontario),yellow_billed_cuckoo,confidence_intervals,-0.41,20,NA,NA,-1.69,0.76,NA,NA,NA,NA,NA,NA,NA,NA,NA,NA,NA,NA,NA
A4K99KR6,Massa et al. 2024,delay_hay,occupancy,Harvest delay,No harvest delay,occupancy,eastern_meadowlark,confidence_intervals,0.7,57,NA,NA,0.63,0.76,0.23,164,NA,NA,0.2,0.27,NA,NA,NA,NA,NA,NA,NA
A4K99KR6,Massa et al. 2024,delay_hay,occupancy,Harvest delay,No harvest delay,occupancy,grasshopper_sparrow,confidence_intervals,0.72,57,NA,NA,0.66,0.78,0.6,164,NA,NA,0.56,0.64,NA,NA,NA,NA,NA,NA,NA
SDG3KUBT,Read et al. 2021,"Eliminate the use of pesticides, including insecticides and rodenticides",nest_success,Non-orchard sites,Orchard sites,fledging success,eastern_bluebird,confidence_intervals,-0.054,2397,NA,NA,-0.25,0.14,NA,648,NA,NA,NA,NA,NA,1662,NA,NA,NA,NA,Nest survival of Eastern bluebirds in conventional orchards vs. non-orchard sites
YZC4YM2A,Robles et al. 2012,Install nest boxes,abundance,Box addition,No box addition,Nest density,all_species,standard_error,-0.316,18,NA,1.003,NA,NA,NA,NA,NA,NA,NA,NA,NA,NA,NA,NA,NA,NA,Blue and Great tits
APZE5I9A,Van Doren et al. 2017,upgrade_to_darksky,abundance,Light off,Light on,Standardized peak density,all_species,standard_error,-1.1487,52,NA,0.2014,NA,NA,NA,22,NA,NA,NA,NA,NA,30,NA,NA,NA,NA,NA
5UCEGHY8,Zhao et al. 2020,upgrade_to_darksky,abundance,Yellow light,Red light,Number of birds captured,all_species,confidence_intervals,3.5,136,NA,NA,1.47,8.34,NA,68,NA,NA,NA,NA,NA,68,NA,NA,NA,NA,NA
5UCEGHY8,Zhao et al. 2020,upgrade_to_darksky,abundance,Green light,Red light,Number of birds captured,all_species,confidence_intervals,4.66,136,NA,NA,1.42,15.22,NA,68,NA,NA,NA,NA,NA,68,NA,NA,NA,NA,NA
5UCEGHY8,Zhao et al. 2020,upgrade_to_darksky,abundance,Blue light,Red light,Number of birds captured,all_species,confidence_intervals,7.83,136,NA,NA,1.63,37.51,NA,68,NA,NA,NA,NA,NA,68,NA,NA,NA,NA,NA
C3NIZKWQ,Wilson et al. 2022,prescribed_fire,abundance,Burned fields,Unburned fields,abundance (individuals/ha),dickcissel,standard_error,-0.07,108,NA,0.12,NA,NA,NA,NA,NA,NA,NA,NA,NA,NA,NA,NA,NA,NA,NA
C3NIZKWQ,Wilson et al. 2022,prescribed_fire,abundance,Burned fields,Unburned fields,abundance (individuals/ha),grasshopper_sparrow,standard_error,0.08,108,NA,0.18,NA,NA,NA,NA,NA,NA,NA,NA,NA,NA,NA,NA,NA,NA,NA
C3NIZKWQ,Wilson et al. 2022,prescribed_fire,abundance,Burned fields,Unburned fields,abundance (individuals/ha),brown_headed_cowbird,standard_error,-0.06,108,NA,0.19,NA,NA,NA,NA,NA,NA,NA,NA,NA,NA,NA,NA,NA,NA,NA
X3E5MBG4,Ahlering and Merkord 2016,prescribed_fire,abundance,Burned fields,Unburned fields,abundance,bobolink,standard_error,-0.054,183,NA,0.332,NA,NA,NA,24,NA,NA,NA,NA,NA,159,NA,NA,NA,NA,NA
X3E5MBG4,Ahlering and Merkord 2016,prescribed_fire,abundance,Burned fields,Unburned fields,abundance,upland_sandpiper,standard_error,-0.918,183,NA,0.373,NA,NA,NA,24,NA,NA,NA,NA,NA,159,NA,NA,NA,NA,NA
X3E5MBG4,Ahlering and Merkord 2016,grazing_intensity,abundance,Burned fields,Unburned fields,abundance,grasshopper_sparrow,standard_error,1.325,183,NA,0.191,NA,NA,NA,NA,NA,NA,NA,NA,NA,NA,NA,NA,NA,NA,NA
X3E5MBG4,Ahlering and Merkord 2016,grazing_intensity,abundance,Burned fields,Unburned fields,abundance,bobolink,standard_error,0.166,183,NA,0.081,NA,NA,NA,NA,NA,NA,NA,NA,NA,NA,NA,NA,NA,NA,NA
X3E5MBG4,Ahlering and Merkord 2016,grazing_intensity,abundance,Burned fields,Unburned fields,abundance,upland_sandpiper,standard_error,0.14,183,NA,0.071,NA,NA,NA,NA,NA,NA,NA,NA,NA,NA,NA,NA,NA,NA,NA
IQWJQUTF,Fink et al. 2006,edge_and_shrub_habitat,abundance,Edge habitat,Glade habitat,density (territories/ha),eastern_towhee,confidence_intervals,-0.06,3,NA,NA,-0.16,0.05,0.05,3,NA,NA,-0.01,0.22,NA,NA,NA,NA,NA,NA,NA
IQWJQUTF,Fink et al. 2006,edge_and_shrub_habitat,abundance,Edge habitat,Glade habitat,density (territories/ha),field_sparrow,confidence_intervals,0.38,3,NA,NA,0.18,0.59,0.2,3,NA,NA,-0.02,0.43,NA,NA,NA,NA,NA,NA,NA
IQWJQUTF,Fink et al. 2006,edge_and_shrub_habitat,abundance,Edge habitat,Glade habitat,density (territories/ha),indigo_bunting,confidence_intervals,0,3,NA,NA,-0.17,0.17,0.94,3,NA,NA,0.51,1.38,NA,NA,NA,NA,NA,NA,NA
IQWJQUTF,Fink et al. 2006,edge_and_shrub_habitat,abundance,Edge habitat,Glade habitat,density (territories/ha),northern_cardinal,confidence_intervals,0.09,3,NA,NA,-0.06,0.24,0.32,3,NA,NA,0.13,0.51,NA,NA,NA,NA,NA,NA,NA
IQWJQUTF,Fink et al. 2006,edge_and_shrub_habitat,abundance,Edge habitat,Glade habitat,density (territories/ha),prairie_warbler,confidence_intervals,-0.69,3,NA,NA,-1.23,-0.15,0.92,3,NA,NA,0.44,1.39,NA,NA,NA,NA,NA,NA,NA
IQWJQUTF,Fink et al. 2006,edge_and_shrub_habitat,abundance,Edge habitat,Glade habitat,density (territories/ha),yellow_breasted_chat,confidence_intervals,-0.51,3,NA,NA,-0.91,-0.1,0.53,3,NA,NA,0.22,0.83,NA,NA,NA,NA,NA,NA,NA
57RFAGS5,Howell et al. 2021,edge_and_shrub_habitat,nest_success,High edge density,No edge,Proportion of eggs hatched for a given clutch size,northern_bobwhite,confidence_intervals,0.11,308,NA,NA,-0.03,0.35,NA,NA,NA,NA,NA,NA,NA,NA,NA,NA,NA,NA,Proportion of eggs hatched for a given clutch size
57RFAGS5,Howell et al. 2021,edge_and_shrub_habitat,nest_success,High edge density,No edge,Number of female chicks per female,northern_bobwhite,confidence_intervals,0.67,308,NA,NA,0.17,1.19,NA,NA,NA,NA,NA,NA,NA,NA,NA,NA,NA,NA,Number of female chicks per female
57RFAGS5,Howell et al. 2021,edge_and_shrub_habitat,survival,High edge density,No edge,survival,northern_bobwhite,confidence_intervals,0.14,872,NA,NA,0.25,0.04,NA,NA,NA,NA,NA,NA,NA,NA,NA,NA,NA,NA,Abundance based on covey call count surveys
57RFAGS5,Howell et al. 2021,edge_and_shrub_habitat; provide_overwintering_habitat,survival,High edge density,No edge,non-breeding season survival,northern_bobwhite,confidence_intervals,-0.19,872,NA,NA,-0.09,-0.28,NA,NA,NA,NA,NA,NA,NA,NA,NA,NA,NA,NA,Abundance based on covey call count surveys
57RFAGS5,Howell et al. 2021,edge_and_shrub_habitat,abundance,High edge density,No edge,density (birds/ha),northern_bobwhite,confidence_intervals,0.07,9,NA,NA,-0.04,0.2,NA,4,NA,NA,NA,NA,NA,5,NA,NA,NA,NA,Survival based on radio-tagged individuals
QIGRJQ54,Sitters et al. 2015,Prescribed fire; Manage fields in patches,species_richness,After prescribed fire,Before prescribed fire,species_richness,all_species,confidence_intervals,-0.029,192,NA,NA,-1.69,1.11,NA,96,NA,NA,NA,NA,NA,96,NA,NA,NA,NA,NA
J6MAVCRC,Lindenmayer et al. 2023,edge_and_shrub_habitat,species_richness,Rotational grazing,Continuous grazing,species_richness,all_species,confidence_intervals,-0.0419,71,NA,NA,-0.2374,0.1536,NA,57,NA,NA,NA,NA,NA,14,NA,NA,NA,NA,Traced from plot
