response_metric,model_family,specification,guild,bmp,estimate,lcl,ucl,excludes_zero
abundance,abundance_guild_bmp,primary,facultative_grassland,edge_and_shrub_habitat,0.10835468098119197,-0.142880366283206,0.35628654739731414,FALSE
abundance,abundance_guild_bmp,primary,facultative_grassland,eliminate_pesticides,0.1642675175723334,-0.22666411526543181,0.5401544966282018,FALSE
abundance,abundance_guild_bmp,primary,facultative_grassland,plant_nwsg,0.39059721019637916,0.14563434440749493,0.6409461727279608,TRUE
abundance,abundance_guild_bmp,primary,facultative_grassland,prescribed_fire,-0.34863705127586997,-0.6040333816594295,-0.10163149784228073,TRUE
abundance,abundance_guild_bmp,primary,facultative_grassland,provide_overwintering_habitat,0.024394149933461166,-0.29013664065120554,0.3326198880624022,FALSE
abundance,abundance_guild_bmp,primary,facultative_grassland,reduce_grazing_intensity,0.15015655803072858,-0.32759769394267696,0.6145369593745537,FALSE
abundance,abundance_guild_bmp,primary,facultative_grassland,remove_non_native_shrubs,-0.022250357764312827,-0.3404201041372128,0.30541792358061276,FALSE
abundance,abundance_guild_bmp,primary,facultative_grassland,rotational_grazing,0.08945690493165867,-0.4508861998111497,0.6295849737383656,FALSE
abundance,abundance_guild_bmp,primary,obligate_grassland,edge_and_shrub_habitat,-0.12223667258580623,-0.40198202454862914,0.1571059847840431,FALSE
abundance,abundance_guild_bmp,primary,obligate_grassland,eliminate_pesticides,0.30409358233917105,-0.0868193351521395,0.6914469302598786,FALSE
abundance,abundance_guild_bmp,primary,obligate_grassland,manage_in_patches,0.5592844542915281,0.1869419887047596,0.9282139557236132,TRUE
abundance,abundance_guild_bmp,primary,obligate_grassland,plant_nwsg,0.15121259710057347,-0.083662594189295,0.3958802414173145,FALSE
abundance,abundance_guild_bmp,primary,obligate_grassland,prescribed_fire,0.3192064223716612,0.09850214620757372,0.5392321016025868,TRUE
abundance,abundance_guild_bmp,primary,obligate_grassland,provide_overwintering_habitat,0.4397847705573663,0.02061391820834653,0.855285735948746,TRUE
abundance,abundance_guild_bmp,primary,obligate_grassland,reduce_grazing_intensity,0.4541192597806569,0.02548516013596901,0.8889247737903179,TRUE
abundance,abundance_guild_bmp,primary,obligate_grassland,rotational_grazing,0.08074568315482908,-0.31151617329591014,0.4840433492885658,FALSE
abundance,abundance_guild_bmp,primary,obligate_grassland,stream_exclusion_and_buffers,0.1334024237899127,-0.2737902705450069,0.5396336438458397,FALSE
abundance,abundance_guild_bmp,non_grassland_classes_retained,facultative_grassland,edge_and_shrub_habitat,0.10835468098119197,-0.142880366283206,0.35628654739731414,FALSE
abundance,abundance_guild_bmp,non_grassland_classes_retained,facultative_grassland,eliminate_pesticides,0.1642675175723334,-0.22666411526543181,0.5401544966282018,FALSE
abundance,abundance_guild_bmp,non_grassland_classes_retained,facultative_grassland,plant_nwsg,0.39059721019637916,0.14563434440749493,0.6409461727279608,TRUE
abundance,abundance_guild_bmp,non_grassland_classes_retained,facultative_grassland,prescribed_fire,-0.34863705127586997,-0.6040333816594295,-0.10163149784228073,TRUE
abundance,abundance_guild_bmp,non_grassland_classes_retained,facultative_grassland,provide_overwintering_habitat,0.024394149933461166,-0.29013664065120554,0.3326198880624022,FALSE
abundance,abundance_guild_bmp,non_grassland_classes_retained,facultative_grassland,reduce_grazing_intensity,0.15015655803072858,-0.32759769394267696,0.6145369593745537,FALSE
abundance,abundance_guild_bmp,non_grassland_classes_retained,facultative_grassland,remove_non_native_shrubs,-0.022250357764312827,-0.3404201041372128,0.30541792358061276,FALSE
abundance,abundance_guild_bmp,non_grassland_classes_retained,facultative_grassland,rotational_grazing,0.08945690493165867,-0.4508861998111497,0.6295849737383656,FALSE
abundance,abundance_guild_bmp,non_grassland_classes_retained,obligate_grassland,edge_and_shrub_habitat,-0.12223667258580623,-0.40198202454862914,0.1571059847840431,FALSE
abundance,abundance_guild_bmp,non_grassland_classes_retained,obligate_grassland,eliminate_pesticides,0.30409358233917105,-0.0868193351521395,0.6914469302598786,FALSE
abundance,abundance_guild_bmp,non_grassland_classes_retained,obligate_grassland,manage_in_patches,0.5592844542915281,0.1869419887047596,0.9282139557236132,TRUE
abundance,abundance_guild_bmp,non_grassland_classes_retained,obligate_grassland,plant_nwsg,0.15121259710057347,-0.083662594189295,0.3958802414173145,FALSE
abundance,abundance_guild_bmp,non_grassland_classes_retained,obligate_grassland,prescribed_fire,0.3192064223716612,0.09850214620757372,0.5392321016025868,TRUE
abundance,abundance_guild_bmp,non_grassland_classes_retained,obligate_grassland,provide_overwintering_habitat,0.4397847705573663,0.02061391820834653,0.855285735948746,TRUE
abundance,abundance_guild_bmp,non_grassland_classes_retained,obligate_grassland,reduce_grazing_intensity,0.4541192597806569,0.02548516013596901,0.8889247737903179,TRUE
abundance,abundance_guild_bmp,non_grassland_classes_retained,obligate_grassland,rotational_grazing,0.08074568315482908,-0.31151617329591014,0.4840433492885658,FALSE
abundance,abundance_guild_bmp,non_grassland_classes_retained,obligate_grassland,stream_exclusion_and_buffers,0.1334024237899127,-0.2737902705450069,0.5396336438458397,FALSE
abundance,abundance_guild_bmp,flagged_effects_removed,facultative_grassland,edge_and_shrub_habitat,0.11066812288127252,-0.14094137735850762,0.36055886870712744,FALSE
abundance,abundance_guild_bmp,flagged_effects_removed,facultative_grassland,eliminate_pesticides,0.1651575556765826,-0.22314154334354,0.5366562296921172,FALSE
abundance,abundance_guild_bmp,flagged_effects_removed,facultative_grassland,plant_nwsg,0.3892732119861456,0.14104416041218965,0.6421164230946969,TRUE
abundance,abundance_guild_bmp,flagged_effects_removed,facultative_grassland,prescribed_fire,-0.3536771434785987,-0.611077659133296,-0.10499083948378418,TRUE
abundance,abundance_guild_bmp,flagged_effects_removed,facultative_grassland,provide_overwintering_habitat,0.022979603376175266,-0.29061851943299516,0.336607572207751,FALSE
abundance,abundance_guild_bmp,flagged_effects_removed,facultative_grassland,reduce_grazing_intensity,0.14634277335922402,-0.32939768326569835,0.6125385982727004,FALSE
abundance,abundance_guild_bmp,flagged_effects_removed,facultative_grassland,remove_non_native_shrubs,-0.0239258439423732,-0.34741930031209256,0.30141417770832557,FALSE
abundance,abundance_guild_bmp,flagged_effects_removed,facultative_grassland,rotational_grazing,0.08584213999219245,-0.45819990284953166,0.6356988060954394,FALSE
abundance,abundance_guild_bmp,flagged_effects_removed,obligate_grassland,edge_and_shrub_habitat,-0.12040623480834933,-0.40050930128108453,0.1604936215905173,FALSE
abundance,abundance_guild_bmp,flagged_effects_removed,obligate_grassland,eliminate_pesticides,0.30560779693198264,-0.08738211574852726,0.6910865323825995,FALSE
abundance,abundance_guild_bmp,flagged_effects_removed,obligate_grassland,manage_in_patches,0.5545359698702154,0.1793335514934033,0.927982200758672,TRUE
abundance,abundance_guild_bmp,flagged_effects_removed,obligate_grassland,plant_nwsg,0.15186605731889496,-0.08020243447177881,0.39579688555383513,FALSE
abundance,abundance_guild_bmp,flagged_effects_removed,obligate_grassland,prescribed_fire,0.31651520460968435,0.095885779373502,0.5356202918000836,TRUE
abundance,abundance_guild_bmp,flagged_effects_removed,obligate_grassland,provide_overwintering_habitat,0.4385402491354591,0.02209854517467533,0.8528807025768802,TRUE
abundance,abundance_guild_bmp,flagged_effects_removed,obligate_grassland,reduce_grazing_intensity,0.4496729020917696,0.022675875679874637,0.8811224293595571,TRUE
abundance,abundance_guild_bmp,flagged_effects_removed,obligate_grassland,rotational_grazing,0.08084805038790441,-0.3153200196246018,0.49557888653803966,FALSE
abundance,abundance_guild_bmp,flagged_effects_removed,obligate_grassland,stream_exclusion_and_buffers,0.13437387677510781,-0.2687092244574227,0.5341498762762213,FALSE
abundance,abundance_guild_bmp,wider_priors,facultative_grassland,edge_and_shrub_habitat,0.11428032258202453,-0.14835401026710796,0.3645267093777237,FALSE
abundance,abundance_guild_bmp,wider_priors,facultative_grassland,eliminate_pesticides,0.170806639384939,-0.22878586398079842,0.5562848637797337,FALSE
abundance,abundance_guild_bmp,wider_priors,facultative_grassland,plant_nwsg,0.39334066192831907,0.1391126280189159,0.6567922240944072,TRUE
abundance,abundance_guild_bmp,wider_priors,facultative_grassland,prescribed_fire,-0.34785634711590085,-0.6042272638472475,-0.08983728298184879,TRUE
abundance,abundance_guild_bmp,wider_priors,facultative_grassland,provide_overwintering_habitat,0.028322252695997478,-0.2948668119019632,0.3459365424781568,FALSE
abundance,abundance_guild_bmp,wider_priors,facultative_grassland,reduce_grazing_intensity,0.15542946570372107,-0.3354325744548923,0.640104678406161,FALSE
abundance,abundance_guild_bmp,wider_priors,facultative_grassland,remove_non_native_shrubs,-0.023174074310524304,-0.3485641701601446,0.31353220284427824,FALSE
abundance,abundance_guild_bmp,wider_priors,facultative_grassland,rotational_grazing,0.09737574519511985,-0.4661141776145654,0.6614385209845713,FALSE
abundance,abundance_guild_bmp,wider_priors,obligate_grassland,edge_and_shrub_habitat,-0.11563219525888957,-0.4033464091745336,0.17310339446303197,FALSE
abundance,abundance_guild_bmp,wider_priors,obligate_grassland,eliminate_pesticides,0.31574413419589664,-0.08664634664035291,0.7152124452380046,FALSE
abundance,abundance_guild_bmp,wider_priors,obligate_grassland,manage_in_patches,0.5755749130406477,0.2049175137624022,0.9535700195978465,TRUE
abundance,abundance_guild_bmp,wider_priors,obligate_grassland,plant_nwsg,0.15809477860099874,-0.08230764058977189,0.4128034672596743,FALSE
abundance,abundance_guild_bmp,wider_priors,obligate_grassland,prescribed_fire,0.32627050187099804,0.10641625528580084,0.5520175761647937,TRUE
abundance,abundance_guild_bmp,wider_priors,obligate_grassland,provide_overwintering_habitat,0.4531122870535905,0.026448789560346134,0.8771113477624722,TRUE
abundance,abundance_guild_bmp,wider_priors,obligate_grassland,reduce_grazing_intensity,0.4781240404800755,0.02986881680683379,0.9183353897372118,TRUE
abundance,abundance_guild_bmp,wider_priors,obligate_grassland,rotational_grazing,0.09352449018064965,-0.3067174599558257,0.5126650241618639,FALSE
abundance,abundance_guild_bmp,wider_priors,obligate_grassland,stream_exclusion_and_buffers,0.14338561166951727,-0.2753160048019459,0.5556429344740941,FALSE
abundance,abundance_guild_bmp,tighter_priors,facultative_grassland,edge_and_shrub_habitat,0.10087495929259549,-0.13843879739696038,0.3384060133736767,FALSE
abundance,abundance_guild_bmp,tighter_priors,facultative_grassland,eliminate_pesticides,0.1415546393804335,-0.21876602973550124,0.48195599925768806,FALSE
abundance,abundance_guild_bmp,tighter_priors,facultative_grassland,plant_nwsg,0.3669508853689284,0.1312116707110339,0.609765685204575,TRUE
abundance,abundance_guild_bmp,tighter_priors,facultative_grassland,prescribed_fire,-0.3590914663454118,-0.6040023045817691,-0.11979164001160263,TRUE
abundance,abundance_guild_bmp,tighter_priors,facultative_grassland,provide_overwintering_habitat,0.004485352983712413,-0.2874987196695466,0.2948470712567054,FALSE
abundance,abundance_guild_bmp,tighter_priors,facultative_grassland,reduce_grazing_intensity,0.11480663105909285,-0.32031732955568787,0.5546717977103968,FALSE
abundance,abundance_guild_bmp,tighter_priors,facultative_grassland,remove_non_native_shrubs,-0.03704241519016345,-0.3352552782838214,0.26437267856028523,FALSE
abundance,abundance_guild_bmp,tighter_priors,facultative_grassland,rotational_grazing,0.062412581294856793,-0.41778267711813233,0.5400663114913943,FALSE
abundance,abundance_guild_bmp,tighter_priors,obligate_grassland,edge_and_shrub_habitat,-0.13789674342048924,-0.40528110190973776,0.1271122440549681,FALSE
abundance,abundance_guild_bmp,tighter_priors,obligate_grassland,eliminate_pesticides,0.26435958503695395,-0.09379659381506057,0.6136712805948638,FALSE
abundance,abundance_guild_bmp,tighter_priors,obligate_grassland,manage_in_patches,0.49391783314568716,0.1428358266583994,0.8422635410833179,TRUE
abundance,abundance_guild_bmp,tighter_priors,obligate_grassland,plant_nwsg,0.12303570817083218,-0.09886985557928786,0.35363296174719866,FALSE
abundance,abundance_guild_bmp,tighter_priors,obligate_grassland,prescribed_fire,0.2868199230595033,0.08336994021006654,0.4911726287116228,TRUE
abundance,abundance_guild_bmp,tighter_priors,obligate_grassland,provide_overwintering_habitat,0.38031935068171524,-0.007096246357709651,0.7649608179903795,FALSE
abundance,abundance_guild_bmp,tighter_priors,obligate_grassland,reduce_grazing_intensity,0.38411039257420976,-0.01741678359945381,0.781382164317799,FALSE
abundance,abundance_guild_bmp,tighter_priors,obligate_grassland,rotational_grazing,0.053091241673035194,-0.30846146619298354,0.4177248393669686,FALSE
abundance,abundance_guild_bmp,tighter_priors,obligate_grassland,stream_exclusion_and_buffers,0.11114207099636877,-0.2604852401020019,0.4831063515881112,FALSE
abundance,abundance_guild_bmp,one_effect_per_study_cell,facultative_grassland,edge_and_shrub_habitat,0.33050783660364247,-0.012152008267956824,0.6733922576497882,FALSE
abundance,abundance_guild_bmp,one_effect_per_study_cell,facultative_grassland,eliminate_pesticides,0.21851002922826213,-0.2688581699341659,0.7024082252251262,FALSE
abundance,abundance_guild_bmp,one_effect_per_study_cell,facultative_grassland,plant_nwsg,0.10503458657835854,-0.21958017952718983,0.42339423581862784,FALSE
abundance,abundance_guild_bmp,one_effect_per_study_cell,facultative_grassland,prescribed_fire,-0.12195434911010172,-0.4601163440866476,0.21623587427128113,FALSE
abundance,abundance_guild_bmp,one_effect_per_study_cell,facultative_grassland,provide_overwintering_habitat,0.2087687250900454,-0.2606525838066757,0.6719072026688743,FALSE
abundance,abundance_guild_bmp,one_effect_per_study_cell,facultative_grassland,reduce_grazing_intensity,0.2934897986019044,-0.32451638033688357,0.9061178692978958,FALSE
abundance,abundance_guild_bmp,one_effect_per_study_cell,facultative_grassland,remove_non_native_shrubs,-0.05230448881966728,-0.5485954857880015,0.4438204987098179,FALSE
abundance,abundance_guild_bmp,one_effect_per_study_cell,facultative_grassland,rotational_grazing,-0.11345560940275069,-0.7960781809929218,0.5597044685746821,FALSE
abundance,abundance_guild_bmp,one_effect_per_study_cell,obligate_grassland,edge_and_shrub_habitat,-0.2335465670715357,-0.5824084685919432,0.11894227701509116,FALSE
abundance,abundance_guild_bmp,one_effect_per_study_cell,obligate_grassland,eliminate_pesticides,0.22158444116924603,-0.18907754063661106,0.6278505316133716,FALSE
abundance,abundance_guild_bmp,one_effect_per_study_cell,obligate_grassland,manage_in_patches,0.5205432302236256,0.014822756345031975,1.0141023768551733,TRUE
abundance,abundance_guild_bmp,one_effect_per_study_cell,obligate_grassland,plant_nwsg,0.10016697551571668,-0.16040197099622774,0.3642398941488274,FALSE
abundance,abundance_guild_bmp,one_effect_per_study_cell,obligate_grassland,prescribed_fire,0.1516252901724694,-0.10143857249160167,0.4032343610405388,FALSE
abundance,abundance_guild_bmp,one_effect_per_study_cell,obligate_grassland,provide_overwintering_habitat,0.5202950595705993,-0.07409113042889222,1.108519532612725,FALSE
abundance,abundance_guild_bmp,one_effect_per_study_cell,obligate_grassland,reduce_grazing_intensity,0.17168667266727433,-0.44094575659282076,0.770715148102449,FALSE
abundance,abundance_guild_bmp,one_effect_per_study_cell,obligate_grassland,rotational_grazing,0.08517586245406693,-0.3519504805633534,0.5304639550318608,FALSE
abundance,abundance_guild_bmp,one_effect_per_study_cell,obligate_grassland,stream_exclusion_and_buffers,0.32837597013692865,-0.22792669038269545,0.8861818458799166,FALSE
abundance,abundance_guild_bmp,group_means_only,facultative_grassland,edge_and_shrub_habitat,0.09303530519534825,-0.16800420882111888,0.347724697852725,FALSE
abundance,abundance_guild_bmp,group_means_only,facultative_grassland,plant_nwsg,0.38716143658084967,0.13762045961430894,0.6491401771704058,TRUE
abundance,abundance_guild_bmp,group_means_only,facultative_grassland,prescribed_fire,-0.37083399506563075,-0.6423106123140122,-0.09842658501075,TRUE
abundance,abundance_guild_bmp,group_means_only,facultative_grassland,provide_overwintering_habitat,0.017739397643831298,-0.3123961211988416,0.33191032935739795,FALSE
abundance,abundance_guild_bmp,group_means_only,facultative_grassland,reduce_grazing_intensity,0.10750990702661217,-0.37343005704884197,0.5769971088659118,FALSE
abundance,abundance_guild_bmp,group_means_only,facultative_grassland,remove_non_native_shrubs,-0.021025849801454673,-0.3533481120646008,0.3056914317040284,FALSE
abundance,abundance_guild_bmp,group_means_only,facultative_grassland,rotational_grazing,0.15547074813919787,-0.38277321187968255,0.7056215245605186,FALSE
abundance,abundance_guild_bmp,group_means_only,obligate_grassland,edge_and_shrub_habitat,-0.12516395481513193,-0.40968227463822415,0.164108049027515,FALSE
abundance,abundance_guild_bmp,group_means_only,obligate_grassland,manage_in_patches,0.4400497287764591,-0.11143105902132693,0.9770679843589813,FALSE
abundance,abundance_guild_bmp,group_means_only,obligate_grassland,plant_nwsg,0.14300625606515754,-0.10650646825531565,0.3997871275801158,FALSE
abundance,abundance_guild_bmp,group_means_only,obligate_grassland,prescribed_fire,0.25678139204270023,0.007748521797392514,0.5092058618518708,TRUE
abundance,abundance_guild_bmp,group_means_only,obligate_grassland,provide_overwintering_habitat,0.45736982130346426,0.03568967087999421,0.8767420695581619,TRUE
abundance,abundance_guild_bmp,group_means_only,obligate_grassland,rotational_grazing,0.07465920807305991,-0.3245205142037514,0.4886327629996181,FALSE
abundance,abundance_guild_bmp,group_means_only,obligate_grassland,stream_exclusion_and_buffers,0.1389659649227229,-0.27644088414076723,0.54420829653751,FALSE
abundance,abundance_guild_bmp,great_plains_only,facultative_grassland,plant_nwsg,-0.12212626099728338,-0.6985264046607881,0.4623225802222845,FALSE
abundance,abundance_guild_bmp,great_plains_only,facultative_grassland,prescribed_fire,-0.30838135668631794,-0.7478194539211901,0.14421278147792263,FALSE
abundance,abundance_guild_bmp,great_plains_only,obligate_grassland,manage_in_patches,0.4284025573838066,-0.08408863866843197,0.9210978402510566,FALSE
abundance,abundance_guild_bmp,great_plains_only,obligate_grassland,plant_nwsg,0.0797953740956472,-0.322922993032006,0.49209945460517734,FALSE
abundance,abundance_guild_bmp,great_plains_only,obligate_grassland,prescribed_fire,0.28791255087142853,-0.08511795836176532,0.6270940843922752,FALSE
abundance,abundance_guild_bmp,great_plains_only,obligate_grassland,rotational_grazing,-0.03369423924646606,-0.51140040497419,0.45476015942511466,FALSE
abundance,abundance_guild_bmp,great_plains_dropped,facultative_grassland,edge_and_shrub_habitat,0.19456303076876177,-0.06331730369311349,0.45132669149088134,FALSE
abundance,abundance_guild_bmp,great_plains_dropped,facultative_grassland,eliminate_pesticides,0.1591873585635751,-0.2643028371231768,0.5621260115308075,FALSE
abundance,abundance_guild_bmp,great_plains_dropped,facultative_grassland,plant_nwsg,0.5723747148089839,0.29592943441199127,0.8594959369491735,TRUE
abundance,abundance_guild_bmp,great_plains_dropped,facultative_grassland,prescribed_fire,-0.03513502693550323,-0.45456281757552525,0.3816259549129094,FALSE
abundance,abundance_guild_bmp,great_plains_dropped,facultative_grassland,provide_overwintering_habitat,0.09436646672782009,-0.23894799960484533,0.42757686619756285,FALSE
abundance,abundance_guild_bmp,great_plains_dropped,facultative_grassland,remove_non_native_shrubs,0.07884469975797662,-0.2869717005504256,0.4480471440657996,FALSE
abundance,abundance_guild_bmp,great_plains_dropped,obligate_grassland,edge_and_shrub_habitat,-0.03633524260312911,-0.33489946897655654,0.25963137226758587,FALSE
abundance,abundance_guild_bmp,great_plains_dropped,obligate_grassland,eliminate_pesticides,0.2695799595688575,-0.14337822649597542,0.6654371613207877,FALSE
abundance,abundance_guild_bmp,great_plains_dropped,obligate_grassland,plant_nwsg,0.20044382987544135,-0.07976799279666039,0.5041298506847902,FALSE
abundance,abundance_guild_bmp,great_plains_dropped,obligate_grassland,prescribed_fire,0.24451349858000127,-0.09733638388370647,0.6074706630573093,FALSE
abundance,abundance_guild_bmp,great_plains_dropped,obligate_grassland,provide_overwintering_habitat,0.4748494271783569,0.053674837134552136,0.893220117869668,TRUE
abundance,abundance_guild_bmp,great_plains_dropped,obligate_grassland,stream_exclusion_and_buffers,0.15380613354290196,-0.25930735674113936,0.5573107164003551,FALSE
abundance,abundance_guild_bmp,southeast_us_dropped,facultative_grassland,edge_and_shrub_habitat,-0.04904037012043236,-0.33759008667775725,0.23162290518751244,FALSE
abundance,abundance_guild_bmp,southeast_us_dropped,facultative_grassland,eliminate_pesticides,0.1812219138307411,-0.205677466570669,0.5493669564268573,FALSE
abundance,abundance_guild_bmp,southeast_us_dropped,facultative_grassland,plant_nwsg,0.2518757134206162,-0.009904681235926329,0.5154750704161902,FALSE
abundance,abundance_guild_bmp,southeast_us_dropped,facultative_grassland,prescribed_fire,-0.47799746499409074,-0.7430916088174042,-0.2131539915648561,TRUE
abundance,abundance_guild_bmp,southeast_us_dropped,facultative_grassland,provide_overwintering_habitat,0.06612581564239511,-0.2944171522178563,0.4264181169846375,FALSE
abundance,abundance_guild_bmp,southeast_us_dropped,facultative_grassland,remove_non_native_shrubs,-0.005795489423686596,-0.3342603605811636,0.34544428147494216,FALSE
abundance,abundance_guild_bmp,southeast_us_dropped,facultative_grassland,rotational_grazing,0.05372824643145835,-0.4835456882617797,0.5945283725809158,FALSE
abundance,abundance_guild_bmp,southeast_us_dropped,obligate_grassland,edge_and_shrub_habitat,-0.2910548323879846,-0.6090714430887587,0.030809124384058247,FALSE
abundance,abundance_guild_bmp,southeast_us_dropped,obligate_grassland,eliminate_pesticides,0.3150345040139124,-0.07452831968740427,0.700549594812423,FALSE
abundance,abundance_guild_bmp,southeast_us_dropped,obligate_grassland,manage_in_patches,0.5368140154001002,0.1623394203843226,0.9142871027298085,TRUE
abundance,abundance_guild_bmp,southeast_us_dropped,obligate_grassland,plant_nwsg,0.1669821621846488,-0.07358033903454618,0.4137386896612183,FALSE
abundance,abundance_guild_bmp,southeast_us_dropped,obligate_grassland,prescribed_fire,0.2748847935241999,0.04715897224303828,0.4990446200992853,TRUE
abundance,abundance_guild_bmp,southeast_us_dropped,obligate_grassland,reduce_grazing_intensity,0.39453800667161676,-0.039669393527811334,0.8240192688806293,FALSE
abundance,abundance_guild_bmp,southeast_us_dropped,obligate_grassland,rotational_grazing,0.08074350043451878,-0.30804902065366835,0.48456250876763324,FALSE
abundance,abundance_guild_bmp,europe_dropped,facultative_grassland,edge_and_shrub_habitat,0.1052526272262195,-0.1522656735709523,0.3576001079952585,FALSE
abundance,abundance_guild_bmp,europe_dropped,facultative_grassland,eliminate_pesticides,0.3221893141552769,-0.17156857100391604,0.7789923974090746,FALSE
abundance,abundance_guild_bmp,europe_dropped,facultative_grassland,plant_nwsg,0.3899459034454442,0.1418235163913588,0.6452554175343109,TRUE
abundance,abundance_guild_bmp,europe_dropped,facultative_grassland,prescribed_fire,-0.37802553385133875,-0.6359099749211012,-0.1235193789201904,TRUE
abundance,abundance_guild_bmp,europe_dropped,facultative_grassland,provide_overwintering_habitat,0.033951628566599015,-0.287735784975047,0.35003933255216796,FALSE
abundance,abundance_guild_bmp,europe_dropped,facultative_grassland,remove_non_native_shrubs,-0.01727340636207247,-0.34054173042856933,0.3050726704769653,FALSE
abundance,abundance_guild_bmp,europe_dropped,facultative_grassland,rotational_grazing,0.07455345476397393,-0.4594986921068979,0.6234534104327002,FALSE
abundance,abundance_guild_bmp,europe_dropped,obligate_grassland,edge_and_shrub_habitat,-0.12130461202745926,-0.4025591939550509,0.15843165442140641,FALSE
abundance,abundance_guild_bmp,europe_dropped,obligate_grassland,eliminate_pesticides,0.4117109529876981,-0.12691580035483319,0.9242226576343413,FALSE
abundance,abundance_guild_bmp,europe_dropped,obligate_grassland,manage_in_patches,0.5528491010287262,0.1827664356599029,0.916627709125743,TRUE
abundance,abundance_guild_bmp,europe_dropped,obligate_grassland,plant_nwsg,0.15431170128512434,-0.0851297279846242,0.39718253148585964,FALSE
abundance,abundance_guild_bmp,europe_dropped,obligate_grassland,prescribed_fire,0.3063939239412478,0.08466681884944909,0.529147943713567,TRUE
abundance,abundance_guild_bmp,europe_dropped,obligate_grassland,provide_overwintering_habitat,0.44734414151514446,0.033811019072568324,0.8597203629666833,TRUE
abundance,abundance_guild_bmp,europe_dropped,obligate_grassland,reduce_grazing_intensity,0.4365116971808117,0.00578187759322969,0.8681661901094383,TRUE
abundance,abundance_guild_bmp,europe_dropped,obligate_grassland,rotational_grazing,0.08090947951261715,-0.3101930660645736,0.48853246198899136,FALSE
abundance,abundance_guild_bmp,europe_dropped,obligate_grassland,stream_exclusion_and_buffers,0.13627538830772312,-0.26380002914940737,0.5438677116399903,FALSE
abundance,abundance_guild_bmp,paper_floor_two,facultative_grassland,edge_and_shrub_habitat,0.10835468098119197,-0.142880366283206,0.35628654739731414,FALSE
abundance,abundance_guild_bmp,paper_floor_two,facultative_grassland,eliminate_pesticides,0.1642675175723334,-0.22666411526543181,0.5401544966282018,FALSE
abundance,abundance_guild_bmp,paper_floor_two,facultative_grassland,plant_nwsg,0.39059721019637916,0.14563434440749493,0.6409461727279608,TRUE
abundance,abundance_guild_bmp,paper_floor_two,facultative_grassland,prescribed_fire,-0.34863705127586997,-0.6040333816594295,-0.10163149784228073,TRUE
abundance,abundance_guild_bmp,paper_floor_two,facultative_grassland,provide_overwintering_habitat,0.024394149933461166,-0.29013664065120554,0.3326198880624022,FALSE
abundance,abundance_guild_bmp,paper_floor_two,facultative_grassland,reduce_grazing_intensity,0.15015655803072858,-0.32759769394267696,0.6145369593745537,FALSE
abundance,abundance_guild_bmp,paper_floor_two,facultative_grassland,remove_non_native_shrubs,-0.022250357764312827,-0.3404201041372128,0.30541792358061276,FALSE
abundance,abundance_guild_bmp,paper_floor_two,facultative_grassland,rotational_grazing,0.08945690493165867,-0.4508861998111497,0.6295849737383656,FALSE
abundance,abundance_guild_bmp,paper_floor_two,obligate_grassland,edge_and_shrub_habitat,-0.12223667258580623,-0.40198202454862914,0.1571059847840431,FALSE
abundance,abundance_guild_bmp,paper_floor_two,obligate_grassland,eliminate_pesticides,0.30409358233917105,-0.0868193351521395,0.6914469302598786,FALSE
abundance,abundance_guild_bmp,paper_floor_two,obligate_grassland,manage_in_patches,0.5592844542915281,0.1869419887047596,0.9282139557236132,TRUE
abundance,abundance_guild_bmp,paper_floor_two,obligate_grassland,plant_nwsg,0.15121259710057347,-0.083662594189295,0.3958802414173145,FALSE
abundance,abundance_guild_bmp,paper_floor_two,obligate_grassland,prescribed_fire,0.3192064223716612,0.09850214620757372,0.5392321016025868,TRUE
abundance,abundance_guild_bmp,paper_floor_two,obligate_grassland,provide_overwintering_habitat,0.4397847705573663,0.02061391820834653,0.855285735948746,TRUE
abundance,abundance_guild_bmp,paper_floor_two,obligate_grassland,reduce_grazing_intensity,0.4541192597806569,0.02548516013596901,0.8889247737903179,TRUE
abundance,abundance_guild_bmp,paper_floor_two,obligate_grassland,rotational_grazing,0.08074568315482908,-0.31151617329591014,0.4840433492885658,FALSE
abundance,abundance_guild_bmp,paper_floor_two,obligate_grassland,stream_exclusion_and_buffers,0.1334024237899127,-0.2737902705450069,0.5396336438458397,FALSE
abundance,abundance_guild_bmp,paper_floor_four,facultative_grassland,edge_and_shrub_habitat,0.07863139224573981,-0.17567053940048696,0.33792864990469346,FALSE
abundance,abundance_guild_bmp,paper_floor_four,facultative_grassland,eliminate_pesticides,0.16787105397316254,-0.22582607532107218,0.5483029170727485,FALSE
abundance,abundance_guild_bmp,paper_floor_four,facultative_grassland,plant_nwsg,0.35905477969353927,0.102422593915191,0.6223706496258192,TRUE
abundance,abundance_guild_bmp,paper_floor_four,facultative_grassland,prescribed_fire,-0.3280684550559688,-0.5873714134886063,-0.05981953909946755,TRUE
abundance,abundance_guild_bmp,paper_floor_four,facultative_grassland,provide_overwintering_habitat,0.11526837514200745,-0.22076344715244942,0.4555777134167338,FALSE
abundance,abundance_guild_bmp,paper_floor_four,facultative_grassland,remove_non_native_shrubs,0.02803421309735726,-0.2991332933087302,0.3731388835357889,FALSE
abundance,abundance_guild_bmp,paper_floor_four,obligate_grassland,edge_and_shrub_habitat,-0.19814399863846727,-0.5100079385068387,0.11154291301403338,FALSE
abundance,abundance_guild_bmp,paper_floor_four,obligate_grassland,eliminate_pesticides,0.31502616610902034,-0.08177155336750633,0.7021506118252135,FALSE
abundance,abundance_guild_bmp,paper_floor_four,obligate_grassland,manage_in_patches,0.583915518766013,0.20517279705291208,0.9600466299760723,TRUE
abundance,abundance_guild_bmp,paper_floor_four,obligate_grassland,plant_nwsg,0.15589610561857103,-0.0868713532419069,0.4131869287774273,FALSE
abundance,abundance_guild_bmp,paper_floor_four,obligate_grassland,prescribed_fire,0.35134752270530245,0.122346170719833,0.5858521904553295,TRUE
abundance,abundance_guild_bmp,paper_floor_four,obligate_grassland,rotational_grazing,0.07565468145506511,-0.33382952345301786,0.4932567541751986,FALSE
abundance,abundance_guild_bmp,guild_assigned_only,facultative_grassland,edge_and_shrub_habitat,0.10835468098119197,-0.142880366283206,0.35628654739731414,FALSE
abundance,abundance_guild_bmp,guild_assigned_only,facultative_grassland,eliminate_pesticides,0.1642675175723334,-0.22666411526543181,0.5401544966282018,FALSE
abundance,abundance_guild_bmp,guild_assigned_only,facultative_grassland,plant_nwsg,0.39059721019637916,0.14563434440749493,0.6409461727279608,TRUE
abundance,abundance_guild_bmp,guild_assigned_only,facultative_grassland,prescribed_fire,-0.34863705127586997,-0.6040333816594295,-0.10163149784228073,TRUE
abundance,abundance_guild_bmp,guild_assigned_only,facultative_grassland,provide_overwintering_habitat,0.024394149933461166,-0.29013664065120554,0.3326198880624022,FALSE
abundance,abundance_guild_bmp,guild_assigned_only,facultative_grassland,reduce_grazing_intensity,0.15015655803072858,-0.32759769394267696,0.6145369593745537,FALSE
abundance,abundance_guild_bmp,guild_assigned_only,facultative_grassland,remove_non_native_shrubs,-0.022250357764312827,-0.3404201041372128,0.30541792358061276,FALSE
abundance,abundance_guild_bmp,guild_assigned_only,facultative_grassland,rotational_grazing,0.08945690493165867,-0.4508861998111497,0.6295849737383656,FALSE
abundance,abundance_guild_bmp,guild_assigned_only,obligate_grassland,edge_and_shrub_habitat,-0.12223667258580623,-0.40198202454862914,0.1571059847840431,FALSE
abundance,abundance_guild_bmp,guild_assigned_only,obligate_grassland,eliminate_pesticides,0.30409358233917105,-0.0868193351521395,0.6914469302598786,FALSE
abundance,abundance_guild_bmp,guild_assigned_only,obligate_grassland,manage_in_patches,0.5592844542915281,0.1869419887047596,0.9282139557236132,TRUE
abundance,abundance_guild_bmp,guild_assigned_only,obligate_grassland,plant_nwsg,0.15121259710057347,-0.083662594189295,0.3958802414173145,FALSE
abundance,abundance_guild_bmp,guild_assigned_only,obligate_grassland,prescribed_fire,0.3192064223716612,0.09850214620757372,0.5392321016025868,TRUE
abundance,abundance_guild_bmp,guild_assigned_only,obligate_grassland,provide_overwintering_habitat,0.4397847705573663,0.02061391820834653,0.855285735948746,TRUE
abundance,abundance_guild_bmp,guild_assigned_only,obligate_grassland,reduce_grazing_intensity,0.4541192597806569,0.02548516013596901,0.8889247737903179,TRUE
abundance,abundance_guild_bmp,guild_assigned_only,obligate_grassland,rotational_grazing,0.08074568315482908,-0.31151617329591014,0.4840433492885658,FALSE
abundance,abundance_guild_bmp,guild_assigned_only,obligate_grassland,stream_exclusion_and_buffers,0.1334024237899127,-0.2737902705450069,0.5396336438458397,FALSE
nest_success,nest_success_guild_bmp,primary,facultative_grassland,edge_and_shrub_habitat,0.37026044637534344,-0.2783762442029055,0.9281905744591787,FALSE
nest_success,nest_success_guild_bmp,primary,obligate_grassland,delay_hay,0.9771800307923624,0.44816920915309916,1.5055847174991324,TRUE
nest_success,nest_success_guild_bmp,primary,obligate_grassland,edge_and_shrub_habitat,-0.435751877264148,-0.9563125103395507,0.07588066453082751,FALSE
nest_success,nest_success_guild_bmp,primary,obligate_grassland,plant_nwsg,0.1844686225653626,-0.3168574861625125,0.6554426067542864,FALSE
nest_success,nest_success_guild_bmp,non_grassland_classes_retained,facultative_grassland,edge_and_shrub_habitat,0.37026044637534344,-0.2783762442029055,0.9281905744591787,FALSE
nest_success,nest_success_guild_bmp,non_grassland_classes_retained,obligate_grassland,delay_hay,0.9771800307923624,0.44816920915309916,1.5055847174991324,TRUE
nest_success,nest_success_guild_bmp,non_grassland_classes_retained,obligate_grassland,edge_and_shrub_habitat,-0.435751877264148,-0.9563125103395507,0.07588066453082751,FALSE
nest_success,nest_success_guild_bmp,non_grassland_classes_retained,obligate_grassland,plant_nwsg,0.1844686225653626,-0.3168574861625125,0.6554426067542864,FALSE
nest_success,nest_success_guild_bmp,flagged_effects_removed,facultative_grassland,edge_and_shrub_habitat,0.37026044637534344,-0.2783762442029055,0.9281905744591787,FALSE
nest_success,nest_success_guild_bmp,flagged_effects_removed,obligate_grassland,delay_hay,0.9771800307923624,0.44816920915309916,1.5055847174991324,TRUE
nest_success,nest_success_guild_bmp,flagged_effects_removed,obligate_grassland,edge_and_shrub_habitat,-0.435751877264148,-0.9563125103395507,0.07588066453082751,FALSE
nest_success,nest_success_guild_bmp,flagged_effects_removed,obligate_grassland,plant_nwsg,0.1844686225653626,-0.3168574861625125,0.6554426067542864,FALSE
nest_success,nest_success_guild_bmp,wider_priors,facultative_grassland,edge_and_shrub_habitat,0.38142421901666623,-0.3432722793975255,1.0053819120919292,FALSE
nest_success,nest_success_guild_bmp,wider_priors,obligate_grassland,delay_hay,1.0333903647267955,0.4724651375943883,1.6182598763852054,TRUE
nest_success,nest_success_guild_bmp,wider_priors,obligate_grassland,edge_and_shrub_habitat,-0.45191146925880443,-1.0121324553448483,0.09782747389189038,FALSE
nest_success,nest_success_guild_bmp,wider_priors,obligate_grassland,plant_nwsg,0.19706436834289828,-0.35705421563146467,0.7276302502881546,FALSE
nest_success,nest_success_guild_bmp,tighter_priors,facultative_grassland,edge_and_shrub_habitat,0.3271248988669059,-0.21588120098990474,0.784758030302424,FALSE
nest_success,nest_success_guild_bmp,tighter_priors,obligate_grassland,delay_hay,0.8408334940940088,0.3536360155142449,1.274452525312275,TRUE
nest_success,nest_success_guild_bmp,tighter_priors,obligate_grassland,edge_and_shrub_habitat,-0.3715993894635403,-0.8095818137461933,0.07554899151763869,FALSE
nest_success,nest_success_guild_bmp,tighter_priors,obligate_grassland,plant_nwsg,0.16604711339765393,-0.26016732491246475,0.5603973150766783,FALSE
nest_success,nest_success_guild_bmp,one_effect_per_study_cell,facultative_grassland,edge_and_shrub_habitat,0.22157698229408312,-0.5217351490932619,0.8991736061455968,FALSE
nest_success,nest_success_guild_bmp,one_effect_per_study_cell,obligate_grassland,delay_hay,1.0212865799225186,0.3567851897421029,1.5988631420110822,TRUE
nest_success,nest_success_guild_bmp,one_effect_per_study_cell,obligate_grassland,edge_and_shrub_habitat,-0.45517250298118583,-0.9965369036785582,0.07279850335389229,FALSE
nest_success,nest_success_guild_bmp,one_effect_per_study_cell,obligate_grassland,plant_nwsg,0.06530672085100814,-0.5665613883166133,0.7239122658372237,FALSE
nest_success,nest_success_guild_bmp,group_means_only,facultative_grassland,edge_and_shrub_habitat,0.36800336881432494,-0.313336857820904,0.9477935341443808,FALSE
nest_success,nest_success_guild_bmp,group_means_only,obligate_grassland,delay_hay,0.9724491118915943,0.419603855737287,1.499007690756033,TRUE
nest_success,nest_success_guild_bmp,group_means_only,obligate_grassland,edge_and_shrub_habitat,-0.5373915794731121,-1.1367206934833367,0.06555232149137188,FALSE
nest_success,nest_success_guild_bmp,group_means_only,obligate_grassland,plant_nwsg,0.1674472669762952,-0.3859302784353464,0.6749900013774762,FALSE
nest_success,nest_success_guild_bmp,great_plains_dropped,facultative_grassland,edge_and_shrub_habitat,0.3607321469825512,-0.41010057875133266,1.0231380103596228,FALSE
nest_success,nest_success_guild_bmp,great_plains_dropped,obligate_grassland,delay_hay,0.9412844650024731,0.27944989502707324,1.5556938487638166,TRUE
nest_success,nest_success_guild_bmp,great_plains_dropped,obligate_grassland,edge_and_shrub_habitat,-0.3765996283398589,-1.0416379049128626,0.2927074167324921,FALSE
nest_success,nest_success_guild_bmp,southeast_us_dropped,obligate_grassland,delay_hay,1.058039575563295,0.44767913903602785,1.6137664830372935,TRUE
nest_success,nest_success_guild_bmp,southeast_us_dropped,obligate_grassland,edge_and_shrub_habitat,-0.38275283961009815,-0.9480983188907119,0.1695261196522674,FALSE
nest_success,nest_success_guild_bmp,southeast_us_dropped,obligate_grassland,plant_nwsg,0.03200931597241205,-0.6490089729302952,0.7177997808183161,FALSE
nest_success,nest_success_guild_bmp,europe_dropped,facultative_grassland,edge_and_shrub_habitat,0.3813269398925795,-0.28149909923791483,0.946947786371006,FALSE
nest_success,nest_success_guild_bmp,europe_dropped,obligate_grassland,edge_and_shrub_habitat,-0.4350527516421089,-0.948301273985062,0.06792105331873469,FALSE
nest_success,nest_success_guild_bmp,europe_dropped,obligate_grassland,plant_nwsg,0.19526323153080455,-0.2815177961472619,0.6629130151551965,FALSE
nest_success,nest_success_guild_bmp,paper_floor_two,facultative_grassland,edge_and_shrub_habitat,0.37026044637534344,-0.2783762442029055,0.9281905744591787,FALSE
nest_success,nest_success_guild_bmp,paper_floor_two,obligate_grassland,delay_hay,0.9771800307923624,0.44816920915309916,1.5055847174991324,TRUE
nest_success,nest_success_guild_bmp,paper_floor_two,obligate_grassland,edge_and_shrub_habitat,-0.435751877264148,-0.9563125103395507,0.07588066453082751,FALSE
nest_success,nest_success_guild_bmp,paper_floor_two,obligate_grassland,plant_nwsg,0.1844686225653626,-0.3168574861625125,0.6554426067542864,FALSE
nest_success,nest_success_guild_bmp,paper_floor_four,obligate_grassland,delay_hay,1.0580421656721755,0.4857130052086287,1.5845016178614018,TRUE
nest_success,nest_success_guild_bmp,paper_floor_four,obligate_grassland,edge_and_shrub_habitat,-0.45266920140645195,-0.9678439575363602,0.04769917718699352,FALSE
nest_success,nest_success_guild_bmp,paper_floor_four,obligate_grassland,plant_nwsg,0.09810196540340668,-0.4725965212094485,0.6746141772959349,FALSE
nest_success,nest_success_guild_bmp,guild_assigned_only,facultative_grassland,edge_and_shrub_habitat,0.37026044637534344,-0.2783762442029055,0.9281905744591787,FALSE
nest_success,nest_success_guild_bmp,guild_assigned_only,obligate_grassland,delay_hay,0.9771800307923624,0.44816920915309916,1.5055847174991324,TRUE
nest_success,nest_success_guild_bmp,guild_assigned_only,obligate_grassland,edge_and_shrub_habitat,-0.435751877264148,-0.9563125103395507,0.07588066453082751,FALSE
nest_success,nest_success_guild_bmp,guild_assigned_only,obligate_grassland,plant_nwsg,0.1844686225653626,-0.3168574861625125,0.6554426067542864,FALSE
species_richness,richness_bmp,primary,,edge_and_shrub_habitat,0.2669134658363657,-0.23155116010718751,0.7488475233057932,FALSE
species_richness,richness_bmp,primary,,eliminate_pesticides,0.8327019299916116,0.04913472764952222,1.5976410823235514,TRUE
species_richness,richness_bmp,primary,,plant_nwsg,0.2797546808939439,-0.23074504773950047,0.7764792255328918,FALSE
species_richness,richness_bmp,primary,,prescribed_fire,0.13419239178932751,-0.6799534239511009,0.9185506555402262,FALSE
species_richness,richness_bmp,primary,,provide_overwintering_habitat,0.2764439985714031,-0.2242687109034041,0.76176855673591,FALSE
species_richness,richness_bmp,primary,,rotational_grazing,-0.32707667029839294,-1.2144754162872322,0.5541897406422653,FALSE
species_richness,richness_bmp,primary,,stream_exclusion_and_buffers,0.30608642360861693,-0.2513268963067404,0.8467644307956539,FALSE
species_richness,richness_bmp,non_grassland_classes_retained,,edge_and_shrub_habitat,0.27241205518115064,-0.20650334780231616,0.7509729228681948,FALSE
species_richness,richness_bmp,non_grassland_classes_retained,,eliminate_pesticides,0.8258877468733996,0.06463300276683884,1.6081383200493005,TRUE
species_richness,richness_bmp,non_grassland_classes_retained,,plant_nwsg,0.2841131577800313,-0.1990014830992382,0.779071527971967,FALSE
species_richness,richness_bmp,non_grassland_classes_retained,,prescribed_fire,0.13391534269259836,-0.6652660365629123,0.922082076793738,FALSE
species_richness,richness_bmp,non_grassland_classes_retained,,provide_overwintering_habitat,0.2824489869438356,-0.19158064294054827,0.7633468089898621,FALSE
species_richness,richness_bmp,non_grassland_classes_retained,,rotational_grazing,-0.33261331198120603,-1.2048742320319856,0.5509949777452448,FALSE
species_richness,richness_bmp,non_grassland_classes_retained,,stream_exclusion_and_buffers,0.31148164896059427,-0.23088443695623942,0.8509709757262096,FALSE
species_richness,richness_bmp,flagged_effects_removed,,edge_and_shrub_habitat,0.4021992516674374,-0.028790772413371718,0.8397273680217836,FALSE
species_richness,richness_bmp,flagged_effects_removed,,eliminate_pesticides,0.8140405999745944,0.1647660877776782,1.4934022815455195,TRUE
species_richness,richness_bmp,flagged_effects_removed,,plant_nwsg,0.44049758667550054,-0.012328752845253737,0.8872973491572714,FALSE
species_richness,richness_bmp,flagged_effects_removed,,prescribed_fire,0.14644471797330416,-0.5422106716394618,0.8155797075478262,FALSE
species_richness,richness_bmp,flagged_effects_removed,,provide_overwintering_habitat,0.4190796630682058,-0.014387500046723694,0.8488204121586588,FALSE
species_richness,richness_bmp,flagged_effects_removed,,rotational_grazing,-0.4963855760643692,-1.3648105887933877,0.332050593602286,FALSE
species_richness,richness_bmp,flagged_effects_removed,,stream_exclusion_and_buffers,0.43568541906618075,-0.058974246583695766,0.9294373191077163,FALSE
species_richness,richness_bmp,wider_priors,,edge_and_shrub_habitat,0.31949777736189255,-0.24163807271320298,0.8808186056894959,FALSE
species_richness,richness_bmp,wider_priors,,eliminate_pesticides,0.9435415305025748,0.10098847638365438,1.826066595434686,TRUE
species_richness,richness_bmp,wider_priors,,plant_nwsg,0.33096313601469185,-0.23537185666720284,0.9001863590402932,FALSE
species_richness,richness_bmp,wider_priors,,prescribed_fire,0.1547566138787468,-0.7547141456993044,1.039201862011987,FALSE
species_richness,richness_bmp,wider_priors,,provide_overwintering_habitat,0.32878038107930596,-0.23505829640424528,0.8891762284368886,FALSE
species_richness,richness_bmp,wider_priors,,rotational_grazing,-0.3942144430675938,-1.423953680577461,0.6116804404466263,FALSE
species_richness,richness_bmp,wider_priors,,stream_exclusion_and_buffers,0.35968846755088646,-0.269034007342304,0.96163325266899,FALSE
species_richness,richness_bmp,tighter_priors,,edge_and_shrub_habitat,0.15520125120508055,-0.2226813048492966,0.523542979179663,FALSE
species_richness,richness_bmp,tighter_priors,,eliminate_pesticides,0.5870923424639958,-0.05080655468908036,1.18947868208567,FALSE
species_richness,richness_bmp,tighter_priors,,plant_nwsg,0.17050878512282647,-0.22298735671401357,0.5501381724821836,FALSE
species_richness,richness_bmp,tighter_priors,,prescribed_fire,0.09351805215202666,-0.5391526027322984,0.7187509449143799,FALSE
species_richness,richness_bmp,tighter_priors,,provide_overwintering_habitat,0.16608901125972225,-0.21511204255726601,0.5348379833576284,FALSE
species_richness,richness_bmp,tighter_priors,,rotational_grazing,-0.21057091753293364,-0.8981788650129232,0.4806510658085926,FALSE
species_richness,richness_bmp,tighter_priors,,stream_exclusion_and_buffers,0.1876257541117601,-0.24553023131396515,0.6227528799774303,FALSE
species_richness,richness_bmp,one_effect_per_study_cell,,edge_and_shrub_habitat,0.18400663973773415,-0.36707858742336286,0.701593513340764,FALSE
species_richness,richness_bmp,one_effect_per_study_cell,,eliminate_pesticides,0.8232319124182964,0.03423793610344726,1.5971238200775968,TRUE
species_richness,richness_bmp,one_effect_per_study_cell,,plant_nwsg,0.28022749062429747,-0.27793859750831534,0.8271691683672767,FALSE
species_richness,richness_bmp,one_effect_per_study_cell,,prescribed_fire,0.13763418165860242,-0.6951916610655162,0.9641093732691948,FALSE
species_richness,richness_bmp,one_effect_per_study_cell,,provide_overwintering_habitat,0.2637962768283005,-0.27296082181110365,0.7890214705371728,FALSE
species_richness,richness_bmp,one_effect_per_study_cell,,rotational_grazing,-0.2877572260809763,-1.1875248289285194,0.600535775769986,FALSE
species_richness,richness_bmp,one_effect_per_study_cell,,stream_exclusion_and_buffers,0.24881999786948697,-0.37527965656561446,0.9491089634582353,FALSE
species_richness,richness_bmp,group_means_only,,edge_and_shrub_habitat,0.261657449673301,-0.30316632867016835,0.8212803350841179,FALSE
species_richness,richness_bmp,group_means_only,,eliminate_pesticides,0.9081191400165819,-0.14745741466328616,1.941859897239989,FALSE
species_richness,richness_bmp,group_means_only,,plant_nwsg,0.27841626876436815,-0.28442159834333663,0.840136435595044,FALSE
species_richness,richness_bmp,group_means_only,,prescribed_fire,0.13963520337208865,-0.8191149385841932,1.0794743627281944,FALSE
species_richness,richness_bmp,group_means_only,,provide_overwintering_habitat,0.2744637053489739,-0.29276687632771986,0.8315391207536479,FALSE
species_richness,richness_bmp,group_means_only,,rotational_grazing,-0.3321404804669912,-1.3016549165762394,0.6492989433325298,FALSE
species_richness,richness_bmp,group_means_only,,stream_exclusion_and_buffers,0.29484237509396405,-0.3077792882082369,0.899587823084611,FALSE
species_richness,richness_bmp,great_plains_dropped,,edge_and_shrub_habitat,0.42728329285542876,-0.07558226726935867,0.925683461884442,FALSE
species_richness,richness_bmp,great_plains_dropped,,eliminate_pesticides,1.0419454060704307,0.15639154882263182,1.9128140097870745,TRUE
species_richness,richness_bmp,great_plains_dropped,,plant_nwsg,0.4497529158416259,-0.07682024928306085,0.9636600424343256,FALSE
species_richness,richness_bmp,great_plains_dropped,,prescribed_fire,0.058331100152214654,-0.7837697065645354,0.894003414525123,FALSE
species_richness,richness_bmp,great_plains_dropped,,provide_overwintering_habitat,0.4325517866712131,-0.07473688212908414,0.9359771528766716,FALSE
species_richness,richness_bmp,great_plains_dropped,,rotational_grazing,-0.19096807156658901,-1.215629476825428,0.8154591118082533,FALSE
species_richness,richness_bmp,great_plains_dropped,,stream_exclusion_and_buffers,0.4512462821207537,-0.10963188726671635,1.0077943967720446,FALSE
species_richness,richness_bmp,southeast_us_dropped,,edge_and_shrub_habitat,0.19609033651126945,-0.48856275283883727,0.837371288380968,FALSE
species_richness,richness_bmp,southeast_us_dropped,,eliminate_pesticides,0.8273674054822613,-0.04414249437731169,1.654620504384436,FALSE
species_richness,richness_bmp,southeast_us_dropped,,plant_nwsg,0.3023580456444554,-0.3977334816466624,1.0236280389003327,FALSE
species_richness,richness_bmp,southeast_us_dropped,,prescribed_fire,0.12364565623344764,-0.742902756544035,0.9816559042259906,FALSE
species_richness,richness_bmp,southeast_us_dropped,,provide_overwintering_habitat,0.27548151251307085,-0.41592404993867604,0.9396201577264687,FALSE
species_richness,richness_bmp,southeast_us_dropped,,rotational_grazing,-0.29579463742273726,-1.3340152116288335,0.7409452176447058,FALSE
species_richness,richness_bmp,southeast_us_dropped,,stream_exclusion_and_buffers,0.27781078393353986,-0.4131220066250047,0.9419462447752025,FALSE
species_richness,richness_bmp,europe_dropped,,edge_and_shrub_habitat,0.27450159303363153,-0.15978571282083717,0.6909164068047103,FALSE
species_richness,richness_bmp,europe_dropped,,eliminate_pesticides,0.47074314963557073,-0.4524162161392502,1.3897931720856738,FALSE
species_richness,richness_bmp,europe_dropped,,plant_nwsg,0.2770450172611336,-0.16772165005301184,0.708694299505084,FALSE
species_richness,richness_bmp,europe_dropped,,prescribed_fire,0.15651886817353314,-0.5570970339508551,0.8134946939880116,FALSE
species_richness,richness_bmp,europe_dropped,,provide_overwintering_habitat,0.28696450443925525,-0.15402250464767675,0.7082543996465943,FALSE
species_richness,richness_bmp,europe_dropped,,rotational_grazing,-0.3249793069471937,-1.1019559339033262,0.447839679855483,FALSE
species_richness,richness_bmp,europe_dropped,,stream_exclusion_and_buffers,0.3194622417319233,-0.17215549797172025,0.8006595832020281,FALSE
species_richness,richness_bmp,paper_floor_two,,edge_and_shrub_habitat,0.2669134658363657,-0.23155116010718751,0.7488475233057932,FALSE
species_richness,richness_bmp,paper_floor_two,,eliminate_pesticides,0.8327019299916116,0.04913472764952222,1.5976410823235514,TRUE
species_richness,richness_bmp,paper_floor_two,,plant_nwsg,0.2797546808939439,-0.23074504773950047,0.7764792255328918,FALSE
species_richness,richness_bmp,paper_floor_two,,prescribed_fire,0.13419239178932751,-0.6799534239511009,0.9185506555402262,FALSE
species_richness,richness_bmp,paper_floor_two,,provide_overwintering_habitat,0.2764439985714031,-0.2242687109034041,0.76176855673591,FALSE
species_richness,richness_bmp,paper_floor_two,,rotational_grazing,-0.32707667029839294,-1.2144754162872322,0.5541897406422653,FALSE
species_richness,richness_bmp,paper_floor_two,,stream_exclusion_and_buffers,0.30608642360861693,-0.2513268963067404,0.8467644307956539,FALSE
species_richness,richness_bmp,paper_floor_four,,edge_and_shrub_habitat,0.2669134658363657,-0.23155116010718751,0.7488475233057932,FALSE
species_richness,richness_bmp,paper_floor_four,,eliminate_pesticides,0.8327019299916116,0.04913472764952222,1.5976410823235514,TRUE
species_richness,richness_bmp,paper_floor_four,,plant_nwsg,0.2797546808939439,-0.23074504773950047,0.7764792255328918,FALSE
species_richness,richness_bmp,paper_floor_four,,prescribed_fire,0.13419239178932751,-0.6799534239511009,0.9185506555402262,FALSE
species_richness,richness_bmp,paper_floor_four,,provide_overwintering_habitat,0.2764439985714031,-0.2242687109034041,0.76176855673591,FALSE
species_richness,richness_bmp,paper_floor_four,,rotational_grazing,-0.32707667029839294,-1.2144754162872322,0.5541897406422653,FALSE
species_richness,richness_bmp,paper_floor_four,,stream_exclusion_and_buffers,0.30608642360861693,-0.2513268963067404,0.8467644307956539,FALSE
species_richness,richness_bmp,guild_assigned_only,,edge_and_shrub_habitat,0.2669134658363657,-0.23155116010718751,0.7488475233057932,FALSE
species_richness,richness_bmp,guild_assigned_only,,eliminate_pesticides,0.8327019299916116,0.04913472764952222,1.5976410823235514,TRUE
species_richness,richness_bmp,guild_assigned_only,,plant_nwsg,0.2797546808939439,-0.23074504773950047,0.7764792255328918,FALSE
species_richness,richness_bmp,guild_assigned_only,,prescribed_fire,0.13419239178932751,-0.6799534239511009,0.9185506555402262,FALSE
species_richness,richness_bmp,guild_assigned_only,,provide_overwintering_habitat,0.2764439985714031,-0.2242687109034041,0.76176855673591,FALSE
species_richness,richness_bmp,guild_assigned_only,,rotational_grazing,-0.32707667029839294,-1.2144754162872322,0.5541897406422653,FALSE
species_richness,richness_bmp,guild_assigned_only,,stream_exclusion_and_buffers,0.30608642360861693,-0.2513268963067404,0.8467644307956539,FALSE
abundance,abundance_pooled_bmp,primary,all_grassland,edge_and_shrub_habitat,-0.026491113319018315,-0.25139333397689395,0.18849777537247717,FALSE
abundance,abundance_pooled_bmp,primary,all_grassland,eliminate_pesticides,0.3593323425320222,-0.010817046642866247,0.7265290351673495,FALSE
abundance,abundance_pooled_bmp,primary,all_grassland,install_nest_boxes,0.5975824023990427,0.0012187368795841787,1.2038736384475204,TRUE
abundance,abundance_pooled_bmp,primary,all_grassland,manage_in_patches,0.27624572064862996,-0.09729598316242166,0.6479245178304979,FALSE
abundance,abundance_pooled_bmp,primary,all_grassland,plant_nwsg,0.22510084949704268,0.010891699158509871,0.4548703621452799,TRUE
abundance,abundance_pooled_bmp,primary,all_grassland,prescribed_fire,0.06028754492633072,-0.16338597187143267,0.28360935183516545,FALSE
abundance,abundance_pooled_bmp,primary,all_grassland,provide_overwintering_habitat,0.13166740541514704,-0.14977554412868802,0.3997548927050517,FALSE
abundance,abundance_pooled_bmp,primary,all_grassland,reduce_grazing_intensity,0.31542421898842354,-0.04583525966000446,0.6841953010993582,FALSE
abundance,abundance_pooled_bmp,primary,all_grassland,remove_non_native_shrubs,0.12440007705712727,-0.2042005325431648,0.4520863150662369,FALSE
abundance,abundance_pooled_bmp,primary,all_grassland,rotational_grazing,0.047732558259714675,-0.37259361592769635,0.47551303401967693,FALSE
abundance,abundance_pooled_bmp,primary,all_grassland,stream_exclusion_and_buffers,0.12248239547057924,-0.21085729426837613,0.447315048205041,FALSE
abundance,abundance_pooled_bmp,non_grassland_classes_retained,all_grassland,edge_and_shrub_habitat,-0.08448856346799685,-0.2956334105770291,0.11666209455789259,FALSE
abundance,abundance_pooled_bmp,non_grassland_classes_retained,all_grassland,eliminate_pesticides,0.3487413861047547,0.0044267057023665984,0.6904281991637986,TRUE
abundance,abundance_pooled_bmp,non_grassland_classes_retained,all_grassland,install_nest_boxes,0.5691708149006895,0.02634542359771202,1.1415565255179871,TRUE
abundance,abundance_pooled_bmp,non_grassland_classes_retained,all_grassland,manage_in_patches,0.25381774105458504,-0.1115266861108958,0.6161845354430358,FALSE
abundance,abundance_pooled_bmp,non_grassland_classes_retained,all_grassland,plant_nwsg,0.17522737226334173,-0.025517692244456963,0.38854980760083435,FALSE
abundance,abundance_pooled_bmp,non_grassland_classes_retained,all_grassland,prescribed_fire,0.02856668682579463,-0.18440899514256504,0.23478041096622082,FALSE
abundance,abundance_pooled_bmp,non_grassland_classes_retained,all_grassland,provide_overwintering_habitat,0.06953709651389114,-0.1938154871986634,0.31856915638416206,FALSE
abundance,abundance_pooled_bmp,non_grassland_classes_retained,all_grassland,reduce_grazing_intensity,0.29270423916512756,-0.0608960804407559,0.6445862226369428,FALSE
abundance,abundance_pooled_bmp,non_grassland_classes_retained,all_grassland,remove_non_native_shrubs,0.0528150789947069,-0.2383891221683085,0.34193869132210714,FALSE
abundance,abundance_pooled_bmp,non_grassland_classes_retained,all_grassland,rotational_grazing,0.01684489197212588,-0.386036387916715,0.41652435222226714,FALSE
abundance,abundance_pooled_bmp,non_grassland_classes_retained,all_grassland,stream_exclusion_and_buffers,0.07896381087630275,-0.23578145777514609,0.3828986717893427,FALSE
abundance,abundance_pooled_bmp,flagged_effects_removed,all_grassland,edge_and_shrub_habitat,-0.027637021403793295,-0.24969897195140667,0.19092709956340514,FALSE
abundance,abundance_pooled_bmp,flagged_effects_removed,all_grassland,eliminate_pesticides,0.35538558910925433,-0.01841957026089419,0.7292138916895085,FALSE
abundance,abundance_pooled_bmp,flagged_effects_removed,all_grassland,install_nest_boxes,0.6008396246696219,-0.0020603807025980484,1.2058289266581428,FALSE
abundance,abundance_pooled_bmp,flagged_effects_removed,all_grassland,manage_in_patches,0.2727721760387519,-0.10330220225160006,0.6453239942820002,FALSE
abundance,abundance_pooled_bmp,flagged_effects_removed,all_grassland,plant_nwsg,0.22398180588010957,0.008561393511388864,0.45757699685181247,TRUE
abundance,abundance_pooled_bmp,flagged_effects_removed,all_grassland,prescribed_fire,0.0583789420472738,-0.16894569045541089,0.28163102344699964,FALSE
abundance,abundance_pooled_bmp,flagged_effects_removed,all_grassland,provide_overwintering_habitat,0.13184837805032967,-0.15396976624509018,0.4098396777412995,FALSE
abundance,abundance_pooled_bmp,flagged_effects_removed,all_grassland,reduce_grazing_intensity,0.3181169903473691,-0.048561021925642295,0.6881981570462536,FALSE
abundance,abundance_pooled_bmp,flagged_effects_removed,all_grassland,remove_non_native_shrubs,0.12480951897295742,-0.19920733420530443,0.45834473667646,FALSE
abundance,abundance_pooled_bmp,flagged_effects_removed,all_grassland,rotational_grazing,0.04626820594286202,-0.3747144131834136,0.4780632529759656,FALSE
abundance,abundance_pooled_bmp,flagged_effects_removed,all_grassland,stream_exclusion_and_buffers,0.12174959993053554,-0.2174502996489965,0.4445644179135195,FALSE
abundance,abundance_pooled_bmp,wider_priors,all_grassland,edge_and_shrub_habitat,-0.024596915510746727,-0.24897611511930878,0.19842999822764312,FALSE
abundance,abundance_pooled_bmp,wider_priors,all_grassland,eliminate_pesticides,0.3679270716281634,-0.014131586781425067,0.75357190179389,FALSE
abundance,abundance_pooled_bmp,wider_priors,all_grassland,install_nest_boxes,0.6450856892547174,0.026263082719688757,1.298886391170298,TRUE
abundance,abundance_pooled_bmp,wider_priors,all_grassland,manage_in_patches,0.2853176988972944,-0.09881154848848325,0.6606741991241675,FALSE
abundance,abundance_pooled_bmp,wider_priors,all_grassland,plant_nwsg,0.23401366350652658,0.015798247100320566,0.46497715585818766,TRUE
abundance,abundance_pooled_bmp,wider_priors,all_grassland,prescribed_fire,0.06483575651651194,-0.17193166924172942,0.28769901470657644,FALSE
abundance,abundance_pooled_bmp,wider_priors,all_grassland,provide_overwintering_habitat,0.13776652216017313,-0.15679650967572614,0.4146075853653988,FALSE
abundance,abundance_pooled_bmp,wider_priors,all_grassland,reduce_grazing_intensity,0.3285548634630301,-0.049391275851107815,0.7023900889107808,FALSE
abundance,abundance_pooled_bmp,wider_priors,all_grassland,remove_non_native_shrubs,0.1337651504710004,-0.20635230086832163,0.46427926632558664,FALSE
abundance,abundance_pooled_bmp,wider_priors,all_grassland,rotational_grazing,0.04628071719503848,-0.38299361402495086,0.4880927467756251,FALSE
abundance,abundance_pooled_bmp,wider_priors,all_grassland,stream_exclusion_and_buffers,0.12578615367475743,-0.22024236746187661,0.45368789699700723,FALSE
abundance,abundance_pooled_bmp,tighter_priors,all_grassland,edge_and_shrub_habitat,-0.034751890115872486,-0.25040279243240865,0.17415481394367044,FALSE
abundance,abundance_pooled_bmp,tighter_priors,all_grassland,eliminate_pesticides,0.32159806499104715,-0.023088467360941053,0.6661748140583624,FALSE
abundance,abundance_pooled_bmp,tighter_priors,all_grassland,install_nest_boxes,0.47131601881226526,-0.0508483860703363,0.9902774613911745,FALSE
abundance,abundance_pooled_bmp,tighter_priors,all_grassland,manage_in_patches,0.24150726816754658,-0.10205445115796821,0.5910558664798019,FALSE
abundance,abundance_pooled_bmp,tighter_priors,all_grassland,plant_nwsg,0.20814774666659036,2.1601385168589204e-4,0.42694339700348133,TRUE
abundance,abundance_pooled_bmp,tighter_priors,all_grassland,prescribed_fire,0.04438825410261367,-0.16574558501140396,0.2512741680283438,FALSE
abundance,abundance_pooled_bmp,tighter_priors,all_grassland,provide_overwintering_habitat,0.1190093012818537,-0.14799484310837882,0.3808726264643723,FALSE
abundance,abundance_pooled_bmp,tighter_priors,all_grassland,reduce_grazing_intensity,0.279544340258045,-0.06356683366584101,0.6203175644140307,FALSE
abundance,abundance_pooled_bmp,tighter_priors,all_grassland,remove_non_native_shrubs,0.10677046834812047,-0.19624656880558197,0.41392095398372925,FALSE
abundance,abundance_pooled_bmp,tighter_priors,all_grassland,rotational_grazing,0.030768006392161484,-0.3554872430748316,0.433776401148485,FALSE
abundance,abundance_pooled_bmp,tighter_priors,all_grassland,stream_exclusion_and_buffers,0.1110403179862012,-0.20716539733027658,0.4150723076115318,FALSE
abundance,abundance_pooled_bmp,one_effect_per_study_cell,all_grassland,edge_and_shrub_habitat,0.07496951526842034,-0.20699546231890142,0.376955262324151,FALSE
abundance,abundance_pooled_bmp,one_effect_per_study_cell,all_grassland,eliminate_pesticides,0.34094354799078597,-0.05301465038752949,0.7315483860575944,FALSE
abundance,abundance_pooled_bmp,one_effect_per_study_cell,all_grassland,install_nest_boxes,0.7051716482069642,0.1000260457687802,1.3093290113608491,TRUE
abundance,abundance_pooled_bmp,one_effect_per_study_cell,all_grassland,manage_in_patches,0.3739967022427888,-0.10182992757836913,0.838614764577013,FALSE
abundance,abundance_pooled_bmp,one_effect_per_study_cell,all_grassland,plant_nwsg,0.27463345356541563,-0.00276921208255911,0.5581009138135824,FALSE
abundance,abundance_pooled_bmp,one_effect_per_study_cell,all_grassland,prescribed_fire,0.10587249369647744,-0.1509564514299809,0.37658860092469393,FALSE
abundance,abundance_pooled_bmp,one_effect_per_study_cell,all_grassland,provide_overwintering_habitat,0.21276817750329086,-0.15333033729417375,0.6087694955456683,FALSE
abundance,abundance_pooled_bmp,one_effect_per_study_cell,all_grassland,reduce_grazing_intensity,0.4338751927417356,-0.04335089122260275,0.8616904589820695,FALSE
abundance,abundance_pooled_bmp,one_effect_per_study_cell,all_grassland,remove_non_native_shrubs,0.10280754879701298,-0.42710808291013974,0.6015076369167751,FALSE
abundance,abundance_pooled_bmp,one_effect_per_study_cell,all_grassland,rotational_grazing,0.09318508895031732,-0.37161919453793996,0.55753804060641865,FALSE
abundance,abundance_pooled_bmp,one_effect_per_study_cell,all_grassland,stream_exclusion_and_buffers,0.2119770170161504,-0.24113153402375867,0.7180925523625075,FALSE
abundance,abundance_pooled_bmp,group_means_only,all_grassland,edge_and_shrub_habitat,-0.048803130278851775,-0.2677689348725465,0.16290243440579485,FALSE
abundance,abundance_pooled_bmp,group_means_only,all_grassland,eliminate_pesticides,0.32518409828186345,-0.22807397542029123,0.8968337807263806,FALSE
abundance,abundance_pooled_bmp,group_means_only,all_grassland,manage_in_patches,0.12731015231495113,-0.4051357757763272,0.6540238592026338,FALSE
abundance,abundance_pooled_bmp,group_means_only,all_grassland,plant_nwsg,0.18924131344578535,-0.017286755129092474,0.41189796748863755,FALSE
abundance,abundance_pooled_bmp,group_means_only,all_grassland,prescribed_fire,-0.031029412895546362,-0.263146008447379,0.20083980517223332,FALSE
abundance,abundance_pooled_bmp,group_means_only,all_grassland,provide_overwintering_habitat,0.13247385253451444,-0.14346321720150504,0.39640334052520027,FALSE
abundance,abundance_pooled_bmp,group_means_only,all_grassland,reduce_grazing_intensity,0.17685046188422598,-0.21758354716359712,0.5663936380509398,FALSE
abundance,abundance_pooled_bmp,group_means_only,all_grassland,remove_non_native_shrubs,0.12070417457929064,-0.19472771496963023,0.4357205091899774,FALSE
abundance,abundance_pooled_bmp,group_means_only,all_grassland,rotational_grazing,0.02578581226741867,-0.37046633962508774,0.43471569718177405,FALSE
abundance,abundance_pooled_bmp,group_means_only,all_grassland,stream_exclusion_and_buffers,0.12343512340562013,-0.2038726308778784,0.44305150007904637,FALSE
abundance,abundance_pooled_bmp,great_plains_only,all_grassland,plant_nwsg,-0.04185619969875436,-0.39155595026471235,0.3278820779958905,FALSE
abundance,abundance_pooled_bmp,great_plains_only,all_grassland,prescribed_fire,0.10950856876838964,-0.21713366764205963,0.41776101702574664,FALSE
abundance,abundance_pooled_bmp,great_plains_only,all_grassland,rotational_grazing,0.0378437145180424,-0.3826805862377546,0.4833212749665199,FALSE
abundance,abundance_pooled_bmp,great_plains_dropped,all_grassland,edge_and_shrub_habitat,0.08958290263642439,-0.17115906591722765,0.3428940703954026,FALSE
abundance,abundance_pooled_bmp,great_plains_dropped,all_grassland,eliminate_pesticides,0.36904654900760314,-0.07916269643910327,0.8195297083451958,FALSE
abundance,abundance_pooled_bmp,great_plains_dropped,all_grassland,install_nest_boxes,0.6382469471395822,-0.021304007227354628,1.3143905098279685,FALSE
abundance,abundance_pooled_bmp,great_plains_dropped,all_grassland,plant_nwsg,0.4474022430989667,0.16480059214485043,0.7487034084284339,TRUE
abundance,abundance_pooled_bmp,great_plains_dropped,all_grassland,prescribed_fire,0.1741681958668001,-0.20706269590936408,0.5879268551536925,FALSE
abundance,abundance_pooled_bmp,great_plains_dropped,all_grassland,provide_overwintering_habitat,0.18401759024200803,-0.13041700294597658,0.4859372483998581,FALSE
abundance,abundance_pooled_bmp,great_plains_dropped,all_grassland,reduce_grazing_intensity,0.13097441864350676,-0.6826750668332523,0.9446844180671696,FALSE
abundance,abundance_pooled_bmp,great_plains_dropped,all_grassland,remove_non_native_shrubs,0.19190104939044128,-0.1933661590866163,0.5817911759312753,FALSE
abundance,abundance_pooled_bmp,great_plains_dropped,all_grassland,stream_exclusion_and_buffers,0.17602315480894537,-0.1836252176348023,0.5270356025293075,FALSE
abundance,abundance_pooled_bmp,southeast_us_dropped,all_grassland,edge_and_shrub_habitat,-0.19473207121271674,-0.45269346219191114,0.06161688584077222,FALSE
abundance,abundance_pooled_bmp,southeast_us_dropped,all_grassland,eliminate_pesticides,0.3683314531073989,0.029547891639509563,0.7085347857325881,TRUE
abundance,abundance_pooled_bmp,southeast_us_dropped,all_grassland,manage_in_patches,0.24857183860663778,-0.12362244792236551,0.6058444976987886,FALSE
abundance,abundance_pooled_bmp,southeast_us_dropped,all_grassland,plant_nwsg,0.15060128899627828,-0.06548891345075097,0.3797167603451251,FALSE
abundance,abundance_pooled_bmp,southeast_us_dropped,all_grassland,prescribed_fire,0.006441980984618964,-0.2215452083923378,0.2254955174776501,FALSE
abundance,abundance_pooled_bmp,southeast_us_dropped,all_grassland,provide_overwintering_habitat,0.16392293222186094,-0.19391756209523903,0.5186889139700356,FALSE
abundance,abundance_pooled_bmp,southeast_us_dropped,all_grassland,reduce_grazing_intensity,0.24839661609327532,-0.12937991858225176,0.6206490716209282,FALSE
abundance,abundance_pooled_bmp,southeast_us_dropped,all_grassland,remove_non_native_shrubs,0.1396320421056516,-0.1989034754370397,0.48368043235730285,FALSE
abundance,abundance_pooled_bmp,southeast_us_dropped,all_grassland,rotational_grazing,0.020692069263166087,-0.3699699993895367,0.42793352858019273,FALSE
abundance,abundance_pooled_bmp,europe_dropped,all_grassland,edge_and_shrub_habitat,-0.032567390521579864,-0.24559141432982096,0.18166591053463413,FALSE
abundance,abundance_pooled_bmp,europe_dropped,all_grassland,eliminate_pesticides,0.3439787875768055,-0.14651743484048715,0.7979922121288492,FALSE
abundance,abundance_pooled_bmp,europe_dropped,all_grassland,manage_in_patches,0.2794347223205721,-0.08199618541723597,0.6350459365317467,FALSE
abundance,abundance_pooled_bmp,europe_dropped,all_grassland,plant_nwsg,0.20762196487229787,0.004347817984560493,0.4253764797209895,TRUE
abundance,abundance_pooled_bmp,europe_dropped,all_grassland,prescribed_fire,0.055657363715983184,-0.16005554446592632,0.2581696475285678,FALSE
abundance,abundance_pooled_bmp,europe_dropped,all_grassland,provide_overwintering_habitat,0.14155821589706574,-0.12854250433318667,0.4039769592399826,FALSE
abundance,abundance_pooled_bmp,europe_dropped,all_grassland,reduce_grazing_intensity,0.31358321640039,-0.04820229655200358,0.6730882110881241,FALSE
abundance,abundance_pooled_bmp,europe_dropped,all_grassland,remove_non_native_shrubs,0.12431068770406933,-0.18076114218932826,0.4350305284686608,FALSE
abundance,abundance_pooled_bmp,europe_dropped,all_grassland,rotational_grazing,0.032623150563049264,-0.358444350579092,0.44341868140750085,FALSE
abundance,abundance_pooled_bmp,europe_dropped,all_grassland,stream_exclusion_and_buffers,0.13208104861592454,-0.18496877934345551,0.4511239059069396,FALSE
abundance,abundance_pooled_bmp,paper_floor_two,all_grassland,edge_and_shrub_habitat,-0.026491113319018315,-0.25139333397689395,0.18849777537247717,FALSE
abundance,abundance_pooled_bmp,paper_floor_two,all_grassland,eliminate_pesticides,0.3593323425320222,-0.010817046642866247,0.7265290351673495,FALSE
abundance,abundance_pooled_bmp,paper_floor_two,all_grassland,install_nest_boxes,0.5975824023990427,0.0012187368795841787,1.2038736384475204,TRUE
abundance,abundance_pooled_bmp,paper_floor_two,all_grassland,manage_in_patches,0.27624572064862996,-0.09729598316242166,0.6479245178304979,FALSE
abundance,abundance_pooled_bmp,paper_floor_two,all_grassland,plant_nwsg,0.22510084949704268,0.010891699158509871,0.4548703621452799,TRUE
abundance,abundance_pooled_bmp,paper_floor_two,all_grassland,prescribed_fire,0.06028754492633072,-0.16338597187143267,0.28360935183516545,FALSE
abundance,abundance_pooled_bmp,paper_floor_two,all_grassland,provide_overwintering_habitat,0.13166740541514704,-0.14977554412868802,0.3997548927050517,FALSE
abundance,abundance_pooled_bmp,paper_floor_two,all_grassland,reduce_grazing_intensity,0.31542421898842354,-0.04583525966000446,0.6841953010993582,FALSE
abundance,abundance_pooled_bmp,paper_floor_two,all_grassland,remove_non_native_shrubs,0.12440007705712727,-0.2042005325431648,0.4520863150662369,FALSE
abundance,abundance_pooled_bmp,paper_floor_two,all_grassland,rotational_grazing,0.047732558259714675,-0.37259361592769635,0.47551303401967693,FALSE
abundance,abundance_pooled_bmp,paper_floor_two,all_grassland,stream_exclusion_and_buffers,0.12248239547057924,-0.21085729426837613,0.447315048205041,FALSE
abundance,abundance_pooled_bmp,paper_floor_four,all_grassland,edge_and_shrub_habitat,-0.029730008648723556,-0.2591114246945668,0.1946855367781392,FALSE
abundance,abundance_pooled_bmp,paper_floor_four,all_grassland,eliminate_pesticides,0.3675746157187898,-0.0058074641937772625,0.7306494308823946,FALSE
abundance,abundance_pooled_bmp,paper_floor_four,all_grassland,install_nest_boxes,0.6069818496669132,-0.0026746886515114235,1.2156410325821272,FALSE
abundance,abundance_pooled_bmp,paper_floor_four,all_grassland,manage_in_patches,0.29453959240980954,-0.07588084673893394,0.6644487985240379,FALSE
abundance,abundance_pooled_bmp,paper_floor_four,all_grassland,plant_nwsg,0.23220688255128297,0.010234149527397951,0.46122856612469465,TRUE
abundance,abundance_pooled_bmp,paper_floor_four,all_grassland,prescribed_fire,0.08431251855075667,-0.13833287243572814,0.3065151997523731,FALSE
abundance,abundance_pooled_bmp,paper_floor_four,all_grassland,provide_overwintering_habitat,0.15193847000752836,-0.14817025034675954,0.44388055173882196,FALSE
abundance,abundance_pooled_bmp,paper_floor_four,all_grassland,reduce_grazing_intensity,0.3337399319951856,-0.03247383988343243,0.706379168362023,FALSE
abundance,abundance_pooled_bmp,paper_floor_four,all_grassland,remove_non_native_shrubs,0.13285422392764135,-0.19844952204984617,0.4642316993631905,FALSE
abundance,abundance_pooled_bmp,paper_floor_four,all_grassland,rotational_grazing,0.0537360346525943,-0.3621615847991684,0.4906965287318859,FALSE
abundance,abundance_pooled_bmp,guild_assigned_only,all_grassland,edge_and_shrub_habitat,-0.059414288384881414,-0.27642416999503566,0.14995465466665955,FALSE
abundance,abundance_pooled_bmp,guild_assigned_only,all_grassland,eliminate_pesticides,0.2327151436356465,-0.13462114683370038,0.5835593431119436,FALSE
abundance,abundance_pooled_bmp,guild_assigned_only,all_grassland,manage_in_patches,0.27381901594573593,-0.08705205110929377,0.63359447328367,FALSE
abundance,abundance_pooled_bmp,guild_assigned_only,all_grassland,plant_nwsg,0.18537110373500687,-0.018465592857260665,0.4009385888200243,FALSE
abundance,abundance_pooled_bmp,guild_assigned_only,all_grassland,prescribed_fire,0.056555931584781505,-0.15133659831728616,0.2602284231437828,FALSE
abundance,abundance_pooled_bmp,guild_assigned_only,all_grassland,provide_overwintering_habitat,0.1516864945773695,-0.14146757975051935,0.4326497821558148,FALSE
abundance,abundance_pooled_bmp,guild_assigned_only,all_grassland,reduce_grazing_intensity,0.3129355691829389,-0.04414886557444691,0.6657998751644143,FALSE
abundance,abundance_pooled_bmp,guild_assigned_only,all_grassland,remove_non_native_shrubs,0.1272648704045525,-0.1847677409380866,0.43676475768555484,FALSE
abundance,abundance_pooled_bmp,guild_assigned_only,all_grassland,rotational_grazing,0.02508896478711077,-0.3581204821036144,0.424850100216893,FALSE
abundance,abundance_pooled_bmp,guild_assigned_only,all_grassland,stream_exclusion_and_buffers,0.1276151072874409,-0.18558147979683745,0.43881019172455765,FALSE
