species,classification
northern_harrier,obligate; facultative
swainsons_hawk,obligate; obligate
ferruginous_hawk,obligate
rough_legged_hawk,obligate
aplomado_falcon,obligate; obligate
rock_ptarmigan,obligate
white_tailed_ptarmigan,obligate
sharp_tailed_grouse,obligate
greater_prairie_chicken,obligate
lesser_prairie_chicken,obligate
montezuma_quail,obligate
ocellated_quail,obligate
double_striped_thick_knee,obligate; obligate
american_golden_plover,obligate
pacific_golden_plover,obligate
mountain_plover,obligate
upland_sandpiper,obligate; obligate
eskimo_curlew,obligate; obligate
bristle_thighed_curlew,obligate
long_billed_curlew,obligate
marbled_godwit,obligate
barids_sandpiper,obligate
buff_breasted_sandpiper,obligate; obligate
pomarine_jaeger,obligate
parasitic_jaeger,obligate
long_tailed_jaeger,obligate
snowy_owl,obligate
burrowing_owl,obligate; obligate
long_eared_owl,obligate
short_eared_owl,obligate; obligate
horned_lark,obligate; obligate
sedge_wren,obligate; obligate
american_pipit,obligate
spragues_pipit,obligate
ruddy_breasted_seedeater,obligate; obligate
saffron_finch,obligate
grassland_yellow_finch,obligate; obligate
cassins_sparrow,obligate
bachmans_sparrow,obligate
botteris_sparrow,obligate
striped_sparrow,obligate
vesper_sparrow,obligate
lark_bunting,obligate
savannah_sparrow,obligate
grasshopper_sparrow,obligate; obligate
bairds_sparrow,obligate
henslows_sparrow,obligate
le_contes_sparrow,obligate
sierra_madre_sparrow,obligate
mccowns_longspur,obligate
lapland_longspur,obligate
smiths_longspur,obligate
chestnut_collared_longspur,obligate
snow_bunting,obligate
mckays_bunting,obligate
dickcissel,obligate; obligate
bobolink,obligate; obligate
eastern_meadowlark,obligate; obligate
western_meadowlark,obligate
american_bittern,facultative
cattle_egret,facultative; facultative
jabiru,facultative; facultative
turkey_vulture,facultative; facultative
lesser_yellow_headed_vulture,facultative; facultative
greater_white_fronted_goose,facultative
emperor_goose,facultative
snow_goose,facultative
rosss_goose,facultative
canada_goose,facultative
brant,facultative
gadwall,facultative
american_wigeon,facultative
mallard,facultative
blue_winged_teal,facultative
northern_shoveler,facultative
northern_pintail,facultative
green_winged_teal,facultative
crested_caracara,facultative; facultative
american_kestrel,facultative
merlin,facultative
gyrfalcon,facultative
peregrine_falcon,facultative
prairie_falcon,facultative
gray_partridge,facultative
ring_necked_pheasant,facultative
willow_ptarmigan,facultative
scaled_quail,facultative
elegant_quail,facultative
northern_bobwhite,facultative
black_throated_bobwhite,facultative
crested_bobwhite,facultative
yellow_rail,facultative
sandhill_crane,facultative
whooping_crane,facultative
black_bellied_plover,facultative
killdeer,facultative
lesser_yellowlegs,facultative
willet,facultative
whimbrel,facultative
hudsonian_godwit,facultative; facultative
surfbird,facultative
red_knot,facultative
sanderling,facultative
semipalmated_sandpiper,facultative
western_sandpiper,facultative
least_sandpiper,facultative
white_rumped_sandpiper,facultative
pectoral_sandpiper,facultative
purple_sandpiper,facultative
rock_sandpiper,facultative
dunlin,facultative
short_billed_dowitcher,facultative
long_billed_dowitcher,facultative
common_snipe,facultative
wilsons_phalarope,facultative
franklins_gull,facultative
mourning_dove,facultative
common_ground_dove,facultative; facultative
barn_owl,facultative; facultative
striped_owl,facultative; facultative
lesser_nighthawk,facultative; obligate
common_nighthawk,facultative
common_poorwill,facultative
says_phoebe,facultative
ash_throated_flycatcher,facultative
cassins_kingbird,facultative
western_kingbird,facultative
eastern_kingbird,facultative
scissor_tailed_flycatcher,facultative
fork_tailed_flycatcher,facultative; obligate
loggerhead_shrike,facultative
northern_shrike,facultative
chihuahuan_raven,facultative
eastern_bluebird,facultative
western_bluebird,facultative
mountain_bluebird,facultative
bendires_thrasher,facultative
common_yellowthroat,facultative
blue_black_grassquit,facultative; facultative
yellow_bellied_seedeater,facultative; facultative
yellow_faced_grassquit,facultative; facultative
canyon_towhee,facultative
rufous_winged_sparrow,facultative
rufous_crowned_sparrow,facultative
oaxaca_sparrow,facultative
clay_colored_sparrow,facultative
worthens_sparrow,facultative
lark_sparrow,facultative
red_winged_blackbird,facultative; facultative
brewers_blackbird,facultative
shiny_cowbird,facultative; facultative
bronzed_cowbird,facultative; facultative
brown_headed_cowbird,facultative
gray_crowned_rosy_finch,facultative
black_rosy_finch,facultative
brown_capped_rosy_finch,facultative
lesser_rhea,obligate
red_winged_tinamou,obligate
huayco_tinamou,obligate
darwins_nothura,obligate
spotted_nothura,obligate
lesser_nothura,obligate
dwarf_tinamou,obligate
andean_goose,obligate
ruddy_headed_goose,obligate
carunculated_caracara,obligate
mountain_caracara,obligate
white_throated_caracara,obligate
striated_caracara,obligate
southern_lapwing,obligate
andean_lapwing,obligate
rufous_chested_plover,obligate
tawny_throated_dotterel,obligate
diademed_sandpiper_plover,obligate
rufous_bellied_seedsnipe,obligate
white_bellied_seedsnipe,obligate
grey_breasted_seedsnipe,obligate
south_american_snipe,obligate
puna_snipe,obligate
giant_snipe,obligate
andean_snipe,obligate
blue_eyed_ground_dove,obligate
black_winged_ground_dove,obligate
golden_spotted_ground_dove,obligate
least_nighthawk,obligate
band_winged_nightjar,obligate
white_tailed_nightjar,obligate
white_winged_nightjar,obligate
spot_tailed_nightjar,obligate
white_tailed_goldenthroat,obligate
tepui_goldenthroat,obligate
ecuadorian_hillstar,obligate
andean_hillstar,obligate
white_sided_hillstar,obligate
black_breasted_hillstar,obligate
olivaceous_thornbill,obligate
blue_mantled_thornbill,obligate
bronze_tailed_thornbill,obligate
rainbow_bearded_thornbill,obligate
bearded_helmetcrest,obligate
hooded_visorbearer,obligate
hyacinth_visorbearer,obligate
horned_sungem,obligate
campo_miner,obligate
common_miner,obligate
puna_miner,obligate
dark_winged_miner,obligate
creamy_rumped_miner,obligate
short_billed_miner,obligate
rufous_banded_miner,obligate
slender_billed_miner,obligate
cipo_canastero,obligate
austral_canastero,obligate
junin_canastero,obligate
scribble_tailed_canastero,obligate
straight_billed_reedhaunter,obligate
varzea_tapaculo,obligate
sharp_tailed_grass_tyrant,obligate
bearded_tachuri,obligate
cock_tailed_tyrant,obligate
merida_wren,obligate
correndera_pipit,obligate
south_georgia_pipit,obligate
short_billed_pipit,obligate
hellmayrs_pipit,obligate
paramo_pipit,obligate
yellowish_pipit,obligate
chaco_pipit,obligate
ochre_breasted_pipit,obligate
grassland_sparrow,obligate
black_masked_finch,obligate
plumbeous_sierra_finch,obligate
red_backed_sierra_finch,obligate
white_throated_sierra_finch,obligate
canary_winged_finch,obligate
white_winged_diuca_finch,obligate
short_tailed_finch,obligate
puna_yellow_finch,obligate
bright_rumped_yellow_finch,obligate
greater_yellow_finch,obligate
patagonian_yellow_finch,obligate
wedge_tailed_grass_finch,obligate
duida_grass_finch,obligate
lesser_grass_finch,obligate
great_pampa_finch,obligate
plumbeous_seedeater,obligate
capped_seedeater,obligate
tawny_bellied_seedeater,obligate
dark_throated_seedeater,obligate
marsh_seedeater,obligate
rufous_rumped_seedeater,obligate
chestnut_seedeater,obligate
naroskys_seedeater,obligate
black_bellied_seedeater,obligate
blue_finch,obligate
saffron_cowled_blackbird,obligate
white_browed_blackbird,obligate
peruvian_meadowlark,obligate
red_breasted_blackbird,obligate
pampas_meadowlark,obligate
long_tailed_meadowlark,obligate
yellow_rumped_meadowlark,obligate
greater_rhea,facultative
smalled_billed_tinamou,facultative
ornate_tinamou,facultative
andean_tinamou,facultative
curve_billed_tinamou,facultative
elegant_crested_tinamou,facultative
quebracho_crested_tinamou,facultative
puna_tinamou,facultative
patagonian_tinamou,facultative
whistling_heron,facultative
plumbeous_ibis,facultative
buff_necked_ibis,facultative
black_faced_ibis,facultative
wood_stork,facultative
maguari_stork,facultative
black_vulture,facultative
andean_condor,facultative
upland_goose,facultative
ashy_headed_goose,facultative
pearl_kite,facultative
white_tailed_kite,facultative
long_winged_harrier,facultative
cinereus_harrier,facultative
savanna_hawk,facultative
harriss_hawk,facultative
black_chested_buzzard_eagle,facultative
crowned_eagle,facultative
white_tailed_hawk,facultative
variable_hawk,facultative
yellow_headed_caracara,facultative
chimango_caracara,facultative
spot_winged_falconet,facultative
red_legged_seriema,facultative
black_legged_seriema,facultative
peruvian_thick_knee,facultative
least_seedsnipe,facultative
bairds_sandpiper,facultative
fuegian_snipe,facultative
picazuro_pigeon,facultative
spot_winged_pigeon,facultative
eared_dove,facultative
plain_breasted_ground_dove,facultative
ruddy_ground_dove,facultative
buckleys_ground_dove,facultative
picui_ground_dove,facultative
bare_faced_ground_dove,facultative
morenos_ground_dove,facultative
long_tailed_ground_dove,facultative
scaly_dove,facultative
burrowing_parakeet,facultative
monk_parakeet,facultative
green_rumped_parrotlet,facultative
striped_cuckoo,facultative
smooth_billed_ani,facultative
groove_billed_ani,facultative
nacunda_nighthawk,facultative
scrub_nightjar,facultative
scissor_tailed_nightjar,facultative
fiery_throated_hummingbird,facultative
green_tailed_goldenthroat,facultative
andean_flicker,facultative
campo_flicker,facultative
straight_billed_earthcreeper,facultative
rock_earthcreeper,facultative
scale_throated_earthcreeper,facultative
bar_winged_cinclodes,facultative
long_tailed_cinclodes,facultative
dark_bellied_cinclodes,facultative
white_winged_cinclodes,facultative
rufous_hornero,facultative
pale_breasted_spinetail,facultative
lesser_canastero,facultative
cordilleran_canastero,facultative
streak_throated_canastero,facultative
streak_backed_canastero,facultative
puna_canastero,facultative
many_striped_canastero,facultative
hudsons_canastero,facultative
firewood_gatherer,facultative
collared_crescent_chest,facultative
plain_crested_elaenia,facultative
rufous_crowned_elaenia,facultative
lesser_elaenia,facultative
grey_backed_tachuri,facultative
rufous_sided_pygmy_tyrant,facultative
grey_monjita,facultative
black_crowned_monjita,facultative
white_rumped_monjita,facultative
white_monjita,facultative
rusty_backed_monjita,facultative
black_and_white_monjita,facultative
chocolate_vented_tyrant,facultative
black_billed_shrike_tyrant,facultative
white_tailed_shrike_tyrant,facultative
great_shrike_tyrant,facultative
grey_bellied_shrike_tyrant,facultative
lesser_shrike_tyrant,facultative
spot_billed_ground_tyrant,facultative
dark_faced_ground_tyrant,facultative
cinnamon_bellied_ground_tyrant,facultative
rufous_naped_ground_tyrant,facultative
puna_ground_tyrant,facultative
white_browed_ground_tyrant,facultative
plain_capped_ground_tyrant,facultative
cinereous_ground_tyrant,facultative
white_fronted_ground_tyrant,facultative
ochre_naped_ground_tyrant,facultative
black_fronted_ground_tyrant,facultative
austral_negrito,facultative
spectacled_tyrant,facultative
strange_tailed_tyrant,facultative
streamer_tailed_tyrant,facultative
cattle_tyrant,facultative
white_necked_raven,facultative
rufous_collared_sparrow,facultative
yellow_browed_sparrow,facultative
coal_crested_finch,facultative
many_colored_chaco_finch,facultative
ash_breasted_sierra_finch,facultative
carbonated_sierra_finch,facultative
yellow_bridled_finch,facultative
long_tailed_reed_finch,facultative
black_and_rufous_warbling_finch,facultative
stripe_tailed_yellow_finch,facultative
pale_throated_serra_finch,facultative
grey_seedeater,facultative
variable_seedeater,facultative
caqueta_seedeater,facultative
wing_barred_seedeater,facultative
rusty_collared_seedeater,facultative
lessons_seedeater,facultative
lined_seedeater,facultative
black_and_white_seedeater,facultative
double_collared_seedeater,facultative
white_bellied_seedeater,facultative
chestnut_bellied_seedeater,facultative
chestnut_throated_seedeater,facultative
large_billed_seed_finch,facultative
great_billed_seed_finch,facultative
lesser_seed_finch,facultative
band_tailed_seedeater,facultative
plain_colored_seedeater,facultative
black_faced_grassquit,facultative
yellow_hooded_blackbird,facultative
brown_and_yellow_marshbird,facultative
chopi_blackbird,facultative
bay_winged_cowbird,facultative
screaming_cowbird,facultative
