key,paper,bmp,response_class,treatment,control,response_var,sign,treatment_control_flag,response_flag,response_flag_notes,species,link,error_class,beta,n,sd,se,lcl,ucl,xbar_e,n_e,sd_e,se_e,lcl_e,ucl_e,xbar_c,n_c,sd_c,se_c,lcl_c,ucl_c,baseline_survival,beta_is_derived,notes,survival_scale
47Y8JMQT,Assandri et al. 2017,eliminate_pesticides,abundance,Organic vineyard,Conventional vineyard,Abundance of nests,1,apples,0,NA,all_species,NA,standard_error,-0.384,21,NA,0.394,NA,NA,NA,NA,NA,NA,NA,NA,NA,NA,NA,NA,NA,NA,NA,NA,NA,NA
47Y8JMQT,Assandri et al. 2017,eliminate_pesticides,nest_success,Conventional vineyard,Organic vineyard,Daily nest failure,1,apples,0,NA,all_species,logit,standard_error,0.411,26,NA,0.585,NA,NA,NA,NA,NA,NA,NA,NA,NA,NA,NA,NA,NA,NA,0.9387,TRUE,Only spalliera can be computed here (missing design-wide cov) ; sample size estimated from proportions in Fig 4a but is an underestimate because we don't know the number of nest days (sample size should be intervals x nests); Model results are from Table 3,daily_survival
RAN8HLMY,Chamberlain et al. 2010,eliminate_pesticides,abundance,Organic farm,Conventional farm,Abundance (2001),1,apples,0,NA,farmland_bird_indicator_species,NA,confidence_intervals,0.169,86,NA,NA,-0.542,0.881,NA,NA,NA,NA,NA,NA,NA,NA,NA,NA,NA,NA,NA,NA,"This is already an effect size; FBI represents ""Farmland bird indicator species""",NA
RAN8HLMY,Chamberlain et al. 2010,eliminate_pesticides,species_richness,Organic farm,Conventional farm,species_richness (2001),1,apples,0,NA,farmland_bird_indicator_species,NA,confidence_intervals,0.001,86,NA,NA,-1.028,1.028,NA,NA,NA,NA,NA,NA,NA,NA,NA,NA,NA,NA,NA,NA,"This is already an effect size; FBI represents ""Farmland bird indicator species""",NA
RAN8HLMY,Chamberlain et al. 2010,eliminate_pesticides,abundance,Organic farm,Conventional farm,Abundance (2003),1,apples,0,NA,farmland_bird_indicator_species,NA,confidence_intervals,0.052,86,NA,NA,-0.61,0.713,NA,NA,NA,NA,NA,NA,NA,NA,NA,NA,NA,NA,NA,NA,"This is already an effect size; FBI represents ""Farmland bird indicator species""",NA
ZHWJP6Y8,Codesido and Bilenca 2021,rotational_grazing,abundance,Rotationally grazed fields,Continually grazed fields,Total abundance,1,apples,0,NA,all_species,NA,standard_error,0.11,237,NA,0.18,NA,NA,NA,NA,NA,NA,NA,NA,NA,NA,NA,NA,NA,NA,NA,NA,"This is rotational grazing, but not summer pasture stockpiling (cattle were rotated every 15-30 days during the spring and summer)",NA
5QFBJNUI,Conkling et al. 2017,plant_nwsg,nest_success,Multiharvest mixed NWSG,multiharvest monoculture NWSG (switchgrass),Nest survival,1,oranges,0,NA,dickcissel,NA,standard_deviation,0.001,94,1.037,NA,NA,NA,NA,NA,NA,NA,NA,NA,NA,NA,NA,NA,NA,NA,NA,NA,Not sure that this qualifies as a test of plant nwsg,period_survival
5QFBJNUI,Conkling et al. 2017,plant_nwsg,abundance,Multiharvest mixed NWSG,multiharvest monoculture NWSG (switchgrass),Nest density,1,oranges,0,NA,dickcissel,NA,standard_deviation,3.989,94,1.719,NA,NA,NA,NA,NA,NA,NA,NA,NA,NA,NA,NA,NA,NA,NA,NA,NA,NA,NA
4DES8R2Q,Conkling et al. 2018,plant_nwsg,abundance,Multi-harvest NWSG (summer),multi-harvest monoculture NWSG (switchgrass; Summer),relative density (per 10ha),1,oranges,0,NA,all_species,NA,standard_error,1.54,16,NA,0.23,NA,NA,NA,NA,NA,NA,NA,NA,NA,NA,NA,NA,NA,NA,NA,NA,"Not sure that this qualifies as a test of plant nwsg; Obtained from supplemental information, table S4; I'm a little unclear on the sample size (might want to double-check)",NA
4DES8R2Q,Conkling et al. 2018,plant_nwsg,abundance,Multi-harvest NWSG (early winter),multi-harvest monoculture NWSG (switchgrass; early winter),relative density (per 10ha),1,oranges,0,NA,all_species,NA,standard_error,-0.5,16,NA,0.26,NA,NA,NA,NA,NA,NA,NA,NA,NA,NA,NA,NA,NA,NA,NA,NA,"Obtained from supplemental information, table S4; I'm a little unclear on the sample size (might want to double-check)",NA
4DES8R2Q,Conkling et al. 2018,plant_nwsg,abundance,Multi-harvest NWSG (late winter),multi-harvest monoculture NWSG (switchgrass; late winter),relative density (per 10ha),1,oranges,0,NA,all_species,NA,standard_error,-1.58,16,NA,0.37,NA,NA,NA,NA,NA,NA,NA,NA,NA,NA,NA,NA,NA,NA,NA,NA,"Obtained from supplemental information, table S4; I'm a little unclear on the sample size (might want to double-check)",NA
TL3GWJHM,Conover et al. 2007,edge_and_shrub_habitat,abundance,"narrow border, border zone","no border, border zone",abundance,1,apples,0,NA,all_species,NA,standard_error,2.03,93,NA,1.69,NA,NA,NA,51,NA,NA,NA,NA,NA,42,NA,NA,NA,NA,NA,NA,NA,NA
TL3GWJHM,Conover et al. 2007,provide_overwintering_habitat,abundance,"narrow border, border zone","no border, border zone",abundance,1,apples,0,NA,all_species,NA,standard_error,2.03,93,NA,1.69,NA,NA,NA,51,NA,NA,NA,NA,NA,42,NA,NA,NA,NA,NA,NA,NA,NA
TL3GWJHM,Conover et al. 2007,edge_and_shrub_habitat,species_richness,"narrow border, border zone","no border, border zone",species_richness,1,apples,0,NA,all_species,NA,standard_error,0.36,93,NA,0.4,NA,NA,NA,51,NA,NA,NA,NA,NA,42,NA,NA,NA,NA,NA,NA,NA,NA
TL3GWJHM,Conover et al. 2007,provide_overwintering_habitat,species_richness,"narrow border, border zone","no border, border zone",species_richness,1,apples,0,NA,all_species,NA,standard_error,0.36,93,NA,0.4,NA,NA,NA,51,NA,NA,NA,NA,NA,42,NA,NA,NA,NA,NA,NA,NA,NA
TL3GWJHM,Conover et al. 2007,edge_and_shrub_habitat,abundance,"wide border, border zone","no border, border zone",abundance,1,apples,0,NA,all_species,NA,standard_error,9.69,60,NA,2.67,NA,NA,NA,18,NA,NA,NA,NA,NA,42,NA,NA,NA,NA,NA,NA,NA,NA
TL3GWJHM,Conover et al. 2007,provide_overwintering_habitat,abundance,"wide border, border zone","no border, border zone",abundance,1,apples,0,NA,all_species,NA,standard_error,9.69,60,NA,2.67,NA,NA,NA,18,NA,NA,NA,NA,NA,42,NA,NA,NA,NA,NA,NA,NA,NA
TL3GWJHM,Conover et al. 2007,edge_and_shrub_habitat,species_richness,"wide border, border zone","no border, border zone",species_richness,1,apples,0,NA,all_species,NA,standard_error,1.95,60,NA,0.64,NA,NA,NA,18,NA,NA,NA,NA,NA,42,NA,NA,NA,NA,NA,NA,NA,NA
TL3GWJHM,Conover et al. 2007,provide_overwintering_habitat,species_richness,"wide border, border zone","no border, border zone",species_richness,1,apples,0,NA,all_species,NA,standard_error,1.95,60,NA,0.64,NA,NA,NA,18,NA,NA,NA,NA,NA,42,NA,NA,NA,NA,NA,NA,NA,NA
TL3GWJHM,Conover et al. 2007,edge_and_shrub_habitat,abundance,"narrow border, ag field","no border, ag field",abundance,1,apples,0,NA,all_species,NA,standard_error,5,93,NA,8.89,NA,NA,NA,51,NA,NA,NA,NA,NA,42,NA,NA,NA,NA,NA,NA,NA,NA
TL3GWJHM,Conover et al. 2007,provide_overwintering_habitat,abundance,"narrow border, ag field","no border, ag field",abundance,1,apples,0,NA,all_species,NA,standard_error,5,93,NA,8.89,NA,NA,NA,51,NA,NA,NA,NA,NA,42,NA,NA,NA,NA,NA,NA,NA,NA
TL3GWJHM,Conover et al. 2007,edge_and_shrub_habitat,species_richness,"narrow border, ag field","no border, ag field",species_richness,1,apples,0,NA,all_species,NA,standard_error,0.22,93,NA,0.3,NA,NA,NA,51,NA,NA,NA,NA,NA,42,NA,NA,NA,NA,NA,NA,NA,NA
TL3GWJHM,Conover et al. 2007,provide_overwintering_habitat,species_richness,"narrow border, ag field","no border, ag field",species_richness,1,apples,0,NA,all_species,NA,standard_error,0.22,93,NA,0.3,NA,NA,NA,51,NA,NA,NA,NA,NA,42,NA,NA,NA,NA,NA,NA,NA,NA
TL3GWJHM,Conover et al. 2007,edge_and_shrub_habitat,abundance,"wide border, ag field","no border, ag field",abundance,1,apples,0,NA,all_species,NA,standard_error,13.25,60,NA,14.08,NA,NA,NA,18,NA,NA,NA,NA,NA,42,NA,NA,NA,NA,NA,NA,NA,NA
TL3GWJHM,Conover et al. 2007,provide_overwintering_habitat,abundance,"wide border, ag field","no border, ag field",abundance,1,apples,0,NA,all_species,NA,standard_error,13.25,60,NA,14.08,NA,NA,NA,18,NA,NA,NA,NA,NA,42,NA,NA,NA,NA,NA,NA,NA,NA
TL3GWJHM,Conover et al. 2007,edge_and_shrub_habitat,species_richness,"wide border, ag field","no border, ag field",species_richness,1,apples,0,NA,all_species,NA,standard_error,1.03,60,NA,0.47,NA,NA,NA,18,NA,NA,NA,NA,NA,42,NA,NA,NA,NA,NA,NA,NA,NA
TL3GWJHM,Conover et al. 2007,provide_overwintering_habitat,species_richness,"wide border, ag field","no border, ag field",species_richness,1,apples,0,NA,all_species,NA,standard_error,1.03,60,NA,0.47,NA,NA,NA,18,NA,NA,NA,NA,NA,42,NA,NA,NA,NA,NA,NA,NA,NA
TL3GWJHM,Conover et al. 2007,edge_and_shrub_habitat,abundance,"narrow border, wooded edge","no border, wooded edge",abundance,1,apples,0,NA,all_species,NA,standard_error,3.17,93,NA,6.25,NA,NA,NA,51,NA,NA,NA,NA,NA,42,NA,NA,NA,NA,NA,NA,NA,NA
TL3GWJHM,Conover et al. 2007,provide_overwintering_habitat,abundance,"narrow border, wooded edge","no border, wooded edge",abundance,1,apples,0,NA,all_species,NA,standard_error,3.17,93,NA,6.25,NA,NA,NA,51,NA,NA,NA,NA,NA,42,NA,NA,NA,NA,NA,NA,NA,NA
TL3GWJHM,Conover et al. 2007,edge_and_shrub_habitat,species_richness,"narrow border, wooded edge","no border, wooded edge",species_richness,1,apples,0,NA,all_species,NA,standard_error,0.54,93,NA,0.63,NA,NA,NA,51,NA,NA,NA,NA,NA,42,NA,NA,NA,NA,NA,NA,NA,NA
TL3GWJHM,Conover et al. 2007,provide_overwintering_habitat,species_richness,"narrow border, wooded edge","no border, wooded edge",species_richness,1,apples,0,NA,all_species,NA,standard_error,0.54,93,NA,0.63,NA,NA,NA,51,NA,NA,NA,NA,NA,42,NA,NA,NA,NA,NA,NA,NA,NA
TL3GWJHM,Conover et al. 2007,edge_and_shrub_habitat,abundance,"wide border, wooded edge","no border, wooded edge",abundance,1,apples,0,NA,all_species,NA,standard_error,8.93,60,NA,10.24,NA,NA,NA,18,NA,NA,NA,NA,NA,42,NA,NA,NA,NA,NA,NA,NA,NA
TL3GWJHM,Conover et al. 2007,provide_overwintering_habitat,abundance,"wide border, wooded edge","no border, wooded edge",abundance,1,apples,0,NA,all_species,NA,standard_error,8.93,60,NA,10.24,NA,NA,NA,18,NA,NA,NA,NA,NA,42,NA,NA,NA,NA,NA,NA,NA,NA
TL3GWJHM,Conover et al. 2007,edge_and_shrub_habitat,species_richness,"wide border, wooded edge","no border, wooded edge",species_richness,1,apples,0,NA,all_species,NA,standard_error,1.48,60,NA,1.01,NA,NA,NA,18,NA,NA,NA,NA,NA,42,NA,NA,NA,NA,NA,NA,NA,NA
TL3GWJHM,Conover et al. 2007,provide_overwintering_habitat,species_richness,"wide border, wooded edge","no border, wooded edge",species_richness,1,apples,0,NA,all_species,NA,standard_error,1.48,60,NA,1.01,NA,NA,NA,18,NA,NA,NA,NA,NA,42,NA,NA,NA,NA,NA,NA,NA,NA
TBUA95JI,Contreras et al. 2022,eliminate_pesticides,occupancy,Organic farm,Conventional farm,Occupancy in spring,1,apples,0,NA,carnivores,NA,confidence_intervals,-0.642,310,NA,NA,-1.386,0.091,NA,154,NA,NA,NA,NA,NA,156,NA,NA,NA,NA,NA,NA,Bayesian occupancy model; LCL/UCL here represents bayesian credible intervals at 95%,NA
TBUA95JI,Contreras et al. 2022,eliminate_pesticides,occupancy,Organic farm,Conventional farm,Occupancy in spring,1,apples,0,NA,insectivores,NA,confidence_intervals,0.294,310,NA,NA,-0.068,0.649,NA,154,NA,NA,NA,NA,NA,156,NA,NA,NA,NA,NA,NA,Bayesian occupancy model; LCL/UCL here represents bayesian credible intervals at 95%,NA
TBUA95JI,Contreras et al. 2022,eliminate_pesticides,occupancy,Organic farm,Conventional farm,Occupancy in summer,1,apples,0,NA,omnivores,NA,confidence_intervals,0.569,310,NA,NA,-0.161,1.297,NA,154,NA,NA,NA,NA,NA,156,NA,NA,NA,NA,NA,NA,Bayesian occupancy model; LCL/UCL here represents bayesian credible intervals at 95%,NA
4G526MHA,Coon et al. 2022,plant_nwsg,abundance,Herbicide spraying and seeding (native seed mix),Herbicide spraying only,Male abundance per patch,1,apples,0,NA,dickcissel,log,standard_error,0.6,4,NA,0.55,NA,NA,NA,NA,NA,NA,NA,NA,NA,NA,NA,NA,NA,NA,NA,TRUE,from supplemental table S4; B = B_treatment - B_control; SE = sqrt(SE_control^2 + se_treatment^2),NA
4G526MHA,Coon et al. 2022,plant_nwsg,abundance,Herbicide spraying and seeding (native seed mix),Herbicide spraying only,Total nests per patch,1,apples,0,NA,dickcissel,log,standard_error,0.63,4,NA,0.84,NA,NA,NA,NA,NA,NA,NA,NA,NA,NA,NA,NA,NA,NA,NA,TRUE,from supplemental table S4; B = B_treatment - B_control; SE = sqrt(SE_control^2 + se_treatment^2),NA
4G526MHA,Coon et al. 2022,plant_nwsg,nest_success,Herbicide spraying and seeding (native seed mix),Herbicide spraying only,Nest survival,1,apples,0,NA,dickcissel,logistic_exposure,standard_error,0.39,54,NA,0.72,NA,NA,NA,36,NA,NA,NA,NA,NA,18,NA,NA,NA,NA,NA,TRUE,from supplemental table S5; B = B_treatment - B_control; SE = sqrt(SE_control^2 + se_treatment^2),daily_survival
4G526MHA,Coon et al. 2022,eliminate_pesticides,abundance,Herbicide spraying only,No spraying or seeding fescue field,Male abundance per patch,-1,apples,0,NA,dickcissel,log,standard_error,0.35,4,NA,0.41,NA,NA,NA,NA,NA,NA,NA,NA,NA,NA,NA,NA,NA,NA,NA,FALSE,from supplemental table S4,NA
4G526MHA,Coon et al. 2022,eliminate_pesticides,abundance,Herbicide spraying only,No spraying or seeding fescue field,Total nests per patch,-1,apples,0,NA,dickcissel,log,standard_error,0.71,4,NA,0.61,NA,NA,NA,NA,NA,NA,NA,NA,NA,NA,NA,NA,NA,NA,NA,FALSE,from supplemental table S4,NA
4G526MHA,Coon et al. 2022,eliminate_pesticides,nest_success,Herbicide spraying only,No spraying or seeding fescue field,Nest survival,-1,apples,0,NA,dickcissel,logistic_exposure,standard_error,0.98,27,NA,0.49,NA,NA,NA,18,NA,NA,NA,NA,NA,9,NA,NA,NA,NA,NA,FALSE,from supplemental table S5,daily_survival
LRBMJG8I,Del Valle et al. 2024,prescribed_fire,abundance,Fire disturbance,No disturbance,Abundance ratio between treatment and control,1,apples,0,NA,dickcissel,NA,standard_error,2,28,NA,0.292,NA,NA,NA,NA,NA,NA,NA,NA,NA,NA,NA,NA,NA,NA,NA,NA,Weird response to wrap one's head around; one year post fire; Calculated abundance ratio and SE to match our treatment and control groups,NA
LRBMJG8I,Del Valle et al. 2024,prescribed_fire,abundance,Fire disturbance,No disturbance,Abundance ratio between treatment and control,1,apples,0,NA,eastern_meadowlark,NA,standard_error,2.45,28,NA,1.03,NA,NA,NA,NA,NA,NA,NA,NA,NA,NA,NA,NA,NA,NA,NA,NA,Weird response to wrap one's head around; one year post fire,NA
LRBMJG8I,Del Valle et al. 2024,prescribed_fire,abundance,Fire disturbance,No disturbance,Abundance ratio between treatment and control,1,apples,0,NA,grasshopper_sparrow,NA,standard_error,2.83,28,NA,1.08,NA,NA,NA,NA,NA,NA,NA,NA,NA,NA,NA,NA,NA,NA,NA,NA,Weird response to wrap one's head around; one year post fire,NA
LRBMJG8I,Del Valle et al. 2024,prescribed_fire,abundance,Fire disturbance,No disturbance,Abundance ratio between treatment and control,1,oranges,0,NA,henslows_sparrow,NA,standard_error,0.372,28,NA,0.113,NA,NA,NA,NA,NA,NA,NA,NA,NA,NA,NA,NA,NA,NA,NA,NA,Weird response to wrap one's head around; one year post fire,NA
KSACJCJN,Hovick and Miller 2016,edge_and_shrub_habitat,nest_success,Near (within 0.5 m^2 quadrat) woody cover,Not near (within 0.5 m^2 quadrat) woody cover,DSR,1,apples,0,NA,eastern_meadowlark,logit,standard_error_confidence_intervals,-0.07,95,NA,0.04,-0.15,0.001,NA,NA,NA,NA,NA,NA,NA,NA,NA,NA,NA,NA,0.9,TRUE,"Excluded: near and not-near woody veg is a questionable metric, as it seems that's on a continuous scale; study level baseline inferred from Table 1; values from the text on p 76; (just not reported as such); Error is unlikely to be on the scale of DSR",daily_survival
86MSLRJN,Kirk et al. 2020,eliminate_pesticides,abundance,Organic farm,Conventional farm,abundance (Sasketchewan),1,apples,0,NA,american_goldfinch,NA,confidence_intervals,-0.28,20,NA,NA,-1.41,0.83,NA,NA,NA,NA,NA,NA,NA,NA,NA,NA,NA,NA,NA,NA,NA,NA
86MSLRJN,Kirk et al. 2020,eliminate_pesticides,abundance,Organic farm,Conventional farm,abundance (Ontario),1,apples,0,NA,american_goldfinch,NA,confidence_intervals,0.31,20,NA,NA,-0.14,0.75,NA,NA,NA,NA,NA,NA,NA,NA,NA,NA,NA,NA,NA,NA,NA,NA
86MSLRJN,Kirk et al. 2020,eliminate_pesticides,abundance,Organic farm,Conventional farm,abundance (Quebec),1,apples,0,NA,american_goldfinch,NA,confidence_intervals,0.5,14,NA,NA,-0.15,1.17,NA,NA,NA,NA,NA,NA,NA,NA,NA,NA,NA,NA,NA,NA,NA,NA
86MSLRJN,Kirk et al. 2020,eliminate_pesticides,abundance,Organic farm,Conventional farm,abundance (Ontario),1,apples,0,NA,american_kestrel,NA,confidence_intervals,0.27,20,NA,NA,-0.92,1.47,NA,NA,NA,NA,NA,NA,NA,NA,NA,NA,NA,NA,NA,NA,NA,NA
86MSLRJN,Kirk et al. 2020,eliminate_pesticides,abundance,Organic farm,Conventional farm,abundance (Quebec),1,apples,0,NA,american_kestrel,NA,confidence_intervals,-0.26,14,NA,NA,-1.46,0.92,NA,NA,NA,NA,NA,NA,NA,NA,NA,NA,NA,NA,NA,NA,NA,NA
86MSLRJN,Kirk et al. 2020,eliminate_pesticides,abundance,Organic farm,Conventional farm,abundance (Sasketchewan),1,apples,0,NA,bobolink,NA,confidence_intervals,-0.28,20,NA,NA,-1.65,1.04,NA,NA,NA,NA,NA,NA,NA,NA,NA,NA,NA,NA,NA,NA,NA,NA
86MSLRJN,Kirk et al. 2020,eliminate_pesticides,abundance,Organic farm,Conventional farm,abundance (Ontario),1,apples,0,NA,bobolink,NA,confidence_intervals,0.7,20,NA,NA,0.42,0.98,NA,NA,NA,NA,NA,NA,NA,NA,NA,NA,NA,NA,NA,NA,NA,NA
86MSLRJN,Kirk et al. 2020,eliminate_pesticides,abundance,Organic farm,Conventional farm,abundance (Quebec),1,apples,0,NA,bobolink,NA,confidence_intervals,-0.05,14,NA,NA,-0.31,0.21,NA,NA,NA,NA,NA,NA,NA,NA,NA,NA,NA,NA,NA,NA,NA,NA
86MSLRJN,Kirk et al. 2020,eliminate_pesticides,abundance,Organic farm,Conventional farm,abundance (Ontario),1,apples,0,NA,common_yellowthroat,NA,confidence_intervals,-0.31,20,NA,NA,-1.04,0.43,NA,NA,NA,NA,NA,NA,NA,NA,NA,NA,NA,NA,NA,NA,NA,NA
86MSLRJN,Kirk et al. 2020,eliminate_pesticides,abundance,Organic farm,Conventional farm,abundance (Quebec),1,apples,0,NA,common_yellowthroat,NA,confidence_intervals,0.12,14,NA,NA,-0.28,0.55,NA,NA,NA,NA,NA,NA,NA,NA,NA,NA,NA,NA,NA,NA,NA,NA
86MSLRJN,Kirk et al. 2020,eliminate_pesticides,abundance,Organic farm,Conventional farm,abundance (Ontario),1,apples,0,NA,eastern_meadowlark,NA,confidence_intervals,0.77,20,NA,NA,0.3,1.22,NA,NA,NA,NA,NA,NA,NA,NA,NA,NA,NA,NA,NA,NA,NA,NA
86MSLRJN,Kirk et al. 2020,eliminate_pesticides,abundance,Organic farm,Conventional farm,abundance (Quebec),1,apples,0,NA,eastern_meadowlark,NA,confidence_intervals,0.79,14,NA,NA,0.22,1.39,NA,NA,NA,NA,NA,NA,NA,NA,NA,NA,NA,NA,NA,NA,NA,NA
86MSLRJN,Kirk et al. 2020,eliminate_pesticides,abundance,Organic farm,Conventional farm,abundance (Ontario),1,apples,0,NA,indigo_bunting,NA,confidence_intervals,-0.81,20,NA,NA,-1.81,0.14,NA,NA,NA,NA,NA,NA,NA,NA,NA,NA,NA,NA,NA,NA,NA,NA
86MSLRJN,Kirk et al. 2020,eliminate_pesticides,abundance,Organic farm,Conventional farm,abundance (Sasketchewan),1,apples,0,NA,loggerhead_shrike,NA,confidence_intervals,0.51,20,NA,NA,-1.4,2.48,NA,NA,NA,NA,NA,NA,NA,NA,NA,NA,NA,NA,NA,NA,NA,NA
86MSLRJN,Kirk et al. 2020,eliminate_pesticides,abundance,Organic farm,Conventional farm,abundance (Sasketchewan),1,apples,0,NA,northern_harrier,NA,confidence_intervals,1.88,20,NA,NA,0.51,3.45,NA,NA,NA,NA,NA,NA,NA,NA,NA,NA,NA,NA,NA,NA,NA,NA
86MSLRJN,Kirk et al. 2020,eliminate_pesticides,abundance,Organic farm,Conventional farm,abundance (Ontario),1,apples,0,NA,northern_harrier,NA,confidence_intervals,-0.05,20,NA,NA,-1.02,0.92,NA,NA,NA,NA,NA,NA,NA,NA,NA,NA,NA,NA,NA,NA,NA,NA
86MSLRJN,Kirk et al. 2020,eliminate_pesticides,abundance,Organic farm,Conventional farm,abundance (Sasketchewan),1,apples,0,NA,red_winged_blackbird,NA,confidence_intervals,0.58,20,NA,NA,0.18,0.98,NA,NA,NA,NA,NA,NA,NA,NA,NA,NA,NA,NA,NA,NA,NA,NA
86MSLRJN,Kirk et al. 2020,eliminate_pesticides,abundance,Organic farm,Conventional farm,abundance (Ontario),1,apples,0,NA,red_winged_blackbird,NA,confidence_intervals,0.25,20,NA,NA,0.02,0.47,NA,NA,NA,NA,NA,NA,NA,NA,NA,NA,NA,NA,NA,NA,NA,NA
86MSLRJN,Kirk et al. 2020,eliminate_pesticides,abundance,Organic farm,Conventional farm,abundance (Quebec),1,apples,0,NA,red_winged_blackbird,NA,confidence_intervals,-0.11,14,NA,NA,-0.49,0.26,NA,NA,NA,NA,NA,NA,NA,NA,NA,NA,NA,NA,NA,NA,NA,NA
86MSLRJN,Kirk et al. 2020,eliminate_pesticides,abundance,Organic farm,Conventional farm,abundance (Sasketchewan),1,apples,0,NA,savannah_sparrow,NA,confidence_intervals,0.12,20,NA,NA,-0.21,0.45,NA,NA,NA,NA,NA,NA,NA,NA,NA,NA,NA,NA,NA,NA,NA,NA
86MSLRJN,Kirk et al. 2020,eliminate_pesticides,abundance,Organic farm,Conventional farm,abundance (Ontario),1,apples,0,NA,savannah_sparrow,NA,confidence_intervals,0.06,20,NA,NA,-0.08,0.2,NA,NA,NA,NA,NA,NA,NA,NA,NA,NA,NA,NA,NA,NA,NA,NA
86MSLRJN,Kirk et al. 2020,eliminate_pesticides,abundance,Organic farm,Conventional farm,abundance (Quebec),1,apples,0,NA,savannah_sparrow,NA,confidence_intervals,-0.1,14,NA,NA,-0.31,0.11,NA,NA,NA,NA,NA,NA,NA,NA,NA,NA,NA,NA,NA,NA,NA,NA
86MSLRJN,Kirk et al. 2020,eliminate_pesticides,abundance,Organic farm,Conventional farm,abundance (Sasketchewan),1,apples,0,NA,song_sparrow,NA,confidence_intervals,-0.12,20,NA,NA,-0.8,0.59,NA,NA,NA,NA,NA,NA,NA,NA,NA,NA,NA,NA,NA,NA,NA,NA
86MSLRJN,Kirk et al. 2020,eliminate_pesticides,abundance,Organic farm,Conventional farm,abundance (Ontario),1,apples,0,NA,song_sparrow,NA,confidence_intervals,0.07,20,NA,NA,-0.16,0.3,NA,NA,NA,NA,NA,NA,NA,NA,NA,NA,NA,NA,NA,NA,NA,NA
86MSLRJN,Kirk et al. 2020,eliminate_pesticides,abundance,Organic farm,Conventional farm,abundance (Quebec),1,apples,0,NA,song_sparrow,NA,confidence_intervals,0.65,14,NA,NA,0.31,1,NA,NA,NA,NA,NA,NA,NA,NA,NA,NA,NA,NA,NA,NA,NA,NA
86MSLRJN,Kirk et al. 2020,eliminate_pesticides,abundance,Organic farm,Conventional farm,abundance (Ontario),1,apples,0,NA,yellow_billed_cuckoo,NA,confidence_intervals,-0.41,20,NA,NA,-1.69,0.76,NA,NA,NA,NA,NA,NA,NA,NA,NA,NA,NA,NA,NA,NA,NA,NA
A4K99KR6,Massa et al. 2024,delay_hay,occupancy,Harvest delay,No harvest delay,occupancy,1,apples,0,NA,eastern_meadowlark,NA,confidence_intervals,0.7,57,NA,NA,0.63,0.76,0.23,164,NA,NA,0.2,0.27,NA,NA,NA,NA,NA,NA,NA,NA,NA,NA
A4K99KR6,Massa et al. 2024,delay_hay,occupancy,Harvest delay,No harvest delay,occupancy,1,apples,0,NA,grasshopper_sparrow,NA,confidence_intervals,0.72,57,NA,NA,0.66,0.78,0.6,164,NA,NA,0.56,0.64,NA,NA,NA,NA,NA,NA,NA,NA,NA,NA
SDG3KUBT,Read et al. 2021,eliminate_pesticides,nest_success,Post-azinthos methyl ban,Pre-azinphos-methyl ban,fledging success,-1,grapes,0,NA,eastern_bluebird,NA,confidence_intervals,-0.11,1662,NA,NA,-0.28,0.051,NA,269,NA,NA,NA,NA,NA,1393,NA,NA,NA,NA,NA,NA,I wonder if this is a fair comparison for eliminate pesticides? Nest survival of Eastern bluebirds in conventional orchards vs. non-orchard sites,period_survival
YZC4YM2A,Robles et al. 2012,install_nest_boxes,abundance,Box addition,No box addition,Nest density,1,apples,0,NA,all_species,NA,standard_error,-0.316,18,NA,1.003,NA,NA,NA,NA,NA,NA,NA,NA,NA,NA,NA,NA,NA,NA,NA,NA,Blue and Great tits,NA
YZC4YM2A,Robles et al. 2012,install_nest_boxes,abundance,Box addition,No box addition,Nest density,1,apples,0,NA,tits,NA,standard_error,-0.471,18,NA,0.277,NA,NA,NA,NA,NA,NA,NA,NA,NA,NA,NA,NA,NA,NA,NA,NA,NA,NA
2BZJQK83,Shave et al. 2018,install_nest_boxes,abundance,Sites with kestrel nest boxes,Sites without kestrel nest boxes,abundance,1,apples,1,NA,frugivores,NA,standard_error,-2.03,250,NA,0.34,NA,NA,NA,NA,NA,NA,NA,NA,NA,NA,NA,NA,NA,NA,NA,NA,Double-check whether this is reasonable for install_nest_boxes (who is the target spp?); T: Target species was frugivores; Sample size obtained from data available online,NA
APZE5I9A,Van Doren et al. 2017,upgrade_to_darksky,abundance,Light off,Light on,Standardized peak density,1,apples,0,NA,all_species,NA,standard_error,-1.1487,52,NA,0.2014,NA,NA,NA,22,NA,NA,NA,NA,NA,30,NA,NA,NA,NA,NA,NA,NA,NA
5UCEGHY8,Zhao et al. 2020,upgrade_to_darksky,abundance,Yellow light,Red light,Number of birds captured,-1,apples,0,NA,all_species,log,confidence_intervals,3.5,136,NA,NA,1.47,8.34,NA,68,NA,NA,NA,NA,NA,68,NA,NA,NA,NA,NA,NA,NA,NA
5UCEGHY8,Zhao et al. 2020,upgrade_to_darksky,abundance,Green light,Red light,Number of birds captured,-1,apples,0,NA,all_species,log,confidence_intervals,4.66,136,NA,NA,1.42,15.22,NA,68,NA,NA,NA,NA,NA,68,NA,NA,NA,NA,NA,NA,NA,NA
5UCEGHY8,Zhao et al. 2020,upgrade_to_darksky,abundance,Blue light,Red light,Number of birds captured,-1,apples,0,NA,all_species,log,confidence_intervals,7.83,136,NA,NA,1.63,37.51,NA,68,NA,NA,NA,NA,NA,68,NA,NA,NA,NA,NA,NA,NA,NA
C3NIZKWQ,Wilson et al. 2022,prescribed_fire,abundance,Burned fields,Unburned fields,abundance (individuals/ha),1,apples,0,NA,dickcissel,NA,standard_error,-0.07,108,NA,0.12,NA,NA,NA,NA,NA,NA,NA,NA,NA,NA,NA,NA,NA,NA,NA,NA,NA,NA
C3NIZKWQ,Wilson et al. 2022,prescribed_fire,abundance,Burned fields,Unburned fields,abundance (individuals/ha),1,apples,0,NA,grasshopper_sparrow,NA,standard_error,0.08,108,NA,0.18,NA,NA,NA,NA,NA,NA,NA,NA,NA,NA,NA,NA,NA,NA,NA,NA,NA,NA
C3NIZKWQ,Wilson et al. 2022,prescribed_fire,abundance,Burned fields,Unburned fields,abundance (individuals/ha),1,apples,0,NA,brown_headed_cowbird,NA,standard_error,-0.06,108,NA,0.19,NA,NA,NA,NA,NA,NA,NA,NA,NA,NA,NA,NA,NA,NA,NA,NA,NA,NA
X3E5MBG4,Ahlering and Merkord 2016,prescribed_fire,abundance,Burned fields,Unburned fields,abundance,1,apples,0,NA,bobolink,NA,standard_error,-0.054,183,NA,0.332,NA,NA,NA,24,NA,NA,NA,NA,NA,159,NA,NA,NA,NA,NA,NA,NA,NA
X3E5MBG4,Ahlering and Merkord 2016,prescribed_fire,abundance,Burned fields,Unburned fields,abundance,1,apples,0,NA,upland_sandpiper,NA,standard_error,-0.918,183,NA,0.373,NA,NA,NA,24,NA,NA,NA,NA,NA,159,NA,NA,NA,NA,NA,NA,NA,NA
X3E5MBG4,Ahlering and Merkord 2016,grazing_intensity,abundance,Burned fields,Unburned fields,abundance,1,apples,0,NA,grasshopper_sparrow,NA,standard_error,1.325,183,NA,0.191,NA,NA,NA,NA,NA,NA,NA,NA,NA,NA,NA,NA,NA,NA,NA,NA,NA,NA
X3E5MBG4,Ahlering and Merkord 2016,grazing_intensity,abundance,Burned fields,Unburned fields,abundance,1,apples,0,NA,bobolink,NA,standard_error,0.166,183,NA,0.081,NA,NA,NA,NA,NA,NA,NA,NA,NA,NA,NA,NA,NA,NA,NA,NA,NA,NA
X3E5MBG4,Ahlering and Merkord 2016,grazing_intensity,abundance,Burned fields,Unburned fields,abundance,1,apples,0,NA,upland_sandpiper,NA,standard_error,0.14,183,NA,0.071,NA,NA,NA,NA,NA,NA,NA,NA,NA,NA,NA,NA,NA,NA,NA,NA,NA,NA
IQWJQUTF,Fink et al. 2006,edge_and_shrub_habitat,abundance,Edge habitat,Glade habitat,density (territories/ha),1,apples,0,NA,blue_winged_warbler,NA,confidence_intervals,-0.37,3,NA,NA,-0.5,-0.24,0.37,3,NA,NA,0.22,0.51,NA,NA,NA,NA,NA,NA,NA,NA,NA,NA
IQWJQUTF,Fink et al. 2006,edge_and_shrub_habitat,abundance,Edge habitat,Glade habitat,density (territories/ha),1,apples,0,NA,eastern_towhee,NA,confidence_intervals,-0.06,3,NA,NA,-0.16,0.05,0.05,3,NA,NA,-0.01,0.22,NA,NA,NA,NA,NA,NA,NA,NA,NA,NA
IQWJQUTF,Fink et al. 2006,edge_and_shrub_habitat,abundance,Edge habitat,Glade habitat,density (territories/ha),1,apples,0,NA,field_sparrow,NA,confidence_intervals,0.38,3,NA,NA,0.18,0.59,0.2,3,NA,NA,-0.02,0.43,NA,NA,NA,NA,NA,NA,NA,NA,NA,NA
IQWJQUTF,Fink et al. 2006,edge_and_shrub_habitat,abundance,Edge habitat,Glade habitat,density (territories/ha),1,apples,0,NA,indigo_bunting,NA,confidence_intervals,0,3,NA,NA,-0.17,0.17,0.94,3,NA,NA,0.51,1.38,NA,NA,NA,NA,NA,NA,NA,NA,NA,NA
IQWJQUTF,Fink et al. 2006,edge_and_shrub_habitat,abundance,Edge habitat,Glade habitat,density (territories/ha),1,apples,0,NA,northern_cardinal,NA,confidence_intervals,0.09,3,NA,NA,-0.06,0.24,0.32,3,NA,NA,0.13,0.51,NA,NA,NA,NA,NA,NA,NA,NA,NA,NA
IQWJQUTF,Fink et al. 2006,edge_and_shrub_habitat,abundance,Edge habitat,Glade habitat,density (territories/ha),1,apples,0,NA,prairie_warbler,NA,confidence_intervals,-0.69,3,NA,NA,-1.23,-0.15,0.92,3,NA,NA,0.44,1.39,NA,NA,NA,NA,NA,NA,NA,NA,NA,NA
IQWJQUTF,Fink et al. 2006,edge_and_shrub_habitat,abundance,Edge habitat,Glade habitat,density (territories/ha),1,apples,0,NA,white_eyed_vireo,NA,confidence_intervals,-0.02,3,NA,NA,-0.07,0.04,0.42,3,NA,NA,0.22,0.63,NA,NA,NA,NA,NA,NA,NA,NA,NA,NA
IQWJQUTF,Fink et al. 2006,edge_and_shrub_habitat,abundance,Edge habitat,Glade habitat,density (territories/ha),1,apples,0,NA,yellow_breasted_chat,NA,confidence_intervals,-0.51,3,NA,NA,-0.91,-0.1,0.53,3,NA,NA,0.22,0.83,NA,NA,NA,NA,NA,NA,NA,NA,NA,NA
57RFAGS5,Howell et al. 2021,edge_and_shrub_habitat,nest_success,High edge density,No edge,Proportion of eggs hatched for a given clutch size,1,apples,1,Insufficient information,northern_bobwhite,identity,confidence_intervals,0.11,308,NA,NA,0.05,0.17,NA,NA,NA,NA,NA,NA,NA,NA,NA,NA,NA,NA,NA,NA,Proportion of eggs hatched for a given clutch size,period_survival
57RFAGS5,Howell et al. 2021,edge_and_shrub_habitat,nest_success,High edge density,No edge,Number of female chicks per female,1,apples,1,productivity,northern_bobwhite,identity,confidence_intervals,0.67,308,NA,NA,0.17,1.19,NA,NA,NA,NA,NA,NA,NA,NA,NA,NA,NA,NA,NA,NA,Number of female chicks per female,period_survival
57RFAGS5,Howell et al. 2021,edge_and_shrub_habitat,survival,High edge density,No edge,survival,1,apples,1,juvenile_survival,northern_bobwhite,NA,confidence_intervals,0.14,872,NA,NA,0.04,0.25,NA,NA,NA,NA,NA,NA,NA,NA,NA,NA,NA,NA,NA,NA,Abundance based on covey call count surveys,NA
57RFAGS5,Howell et al. 2021,edge_and_shrub_habitat,survival,High edge density,No edge,non-breeding season survival,1,apples,1,juvenile_survival,northern_bobwhite,NA,confidence_intervals,-0.19,872,NA,NA,-0.28,-0.09,NA,NA,NA,NA,NA,NA,NA,NA,NA,NA,NA,NA,NA,NA,Abundance based on covey call count surveys,NA
57RFAGS5,Howell et al. 2021,provide_overwintering_habitat,survival,High edge density,No edge,non-breeding season survival,1,apples,1,juvenile_survival,northern_bobwhite,NA,confidence_intervals,-0.19,872,NA,NA,-0.28,-0.09,NA,NA,NA,NA,NA,NA,NA,NA,NA,NA,NA,NA,NA,NA,Abundance based on covey call count surveys,NA
57RFAGS5,Howell et al. 2021,edge_and_shrub_habitat,abundance,High edge density,No edge,density (birds/ha),1,apples,0,NA,northern_bobwhite,identity,confidence_intervals,0.07,9,NA,NA,-0.04,0.2,NA,4,NA,NA,NA,NA,NA,5,NA,NA,NA,NA,NA,NA,Survival based on radio-tagged individuals,NA
QIGRJQ54,Sitters et al. 2015,prescribed_fire,species_richness,After prescribed_fire,Before prescribed_fire,species_richness,1,apples,0,NA,all_species,NA,confidence_intervals,-0.029,192,NA,NA,-1.69,1.11,NA,96,NA,NA,NA,NA,NA,96,NA,NA,NA,NA,NA,NA,NA,NA
QIGRJQ54,Sitters et al. 2015,manage_in_patches,species_richness,After prescribed_fire,Before prescribed_fire,species_richness,1,apples,0,NA,all_species,NA,confidence_intervals,-0.029,192,NA,NA,-1.69,1.11,NA,96,NA,NA,NA,NA,NA,96,NA,NA,NA,NA,NA,NA,NA,NA
J6MAVCRC,Lindenmayer et al. 2023,edge_and_shrub_habitat,species_richness,Rotational grazing,Continuous grazing,species_richness,1,apples,0,NA,all_species,NA,confidence_intervals,-0.0419,71,NA,NA,-0.2374,0.15360000000000001,NA,57,NA,NA,NA,NA,NA,14,NA,NA,NA,NA,NA,NA,Traced from plot,NA
