key,paper,bmp,response_class,response_var,treatment,control,sign,treatment_control_flag,response_flag,response_flag_notes,species,link,error_class,model,test_statistic,test_stat_value,response_dir,df,global_n,global_sd,global_se,global_lcl,global_ucl,treatment_df,treatment_n,treatment_sd,treatment_se,control_df,control_n,control_sd,control_se,baseline_survival,beta_is_derived,notes,survival_scale
LGTIZWRQ,Aitken and Martin,install_nest_boxes,abundance,nest density,1-year post-nest box installation,Pre-nest box installation,1,apples,1,NA,bird_and_mammal_species,NA,NA,Linear mixed effects model,t,-8.69,-1,2,3,NA,NA,NA,NA,NA,NA,NA,NA,NA,NA,NA,NA,NA,NA,Usable -- converts to effect size without issue,NA
GS4TG5A4,Augustine and Derner 2015,prescribed_fire,abundance,Density,Recently burned fields,Unburned fields,1,apples,0,NA,lark_bunting,NA,NA,t-test,t,-5.92,1,45,27,NA,NA,NA,NA,NA,12,NA,NA,NA,15,NA,NA,NA,NA,Usable -- converts to effect size without issue,NA
GS4TG5A4,Augustine and Derner 2015,manage_in_patches,abundance,Density,Recently burned fields,Unburned fields,1,apples,0,NA,lark_bunting,NA,NA,t-test,t,-5.92,1,45,27,NA,NA,NA,NA,NA,12,NA,NA,NA,15,NA,NA,NA,NA,Usable -- converts to effect size without issue,NA
GS4TG5A4,Augustine and Derner 2015,prescribed_fire,abundance,Density,Recently burned fields,Unburned fields,1,apples,0,NA,western_meadowlark,NA,NA,t-test,t,-3.28,1,45,27,NA,NA,NA,NA,NA,12,NA,NA,NA,15,NA,NA,NA,NA,Usable -- converts to effect size without issue,NA
GS4TG5A4,Augustine and Derner 2015,manage_in_patches,abundance,Density,Recently burned fields,Unburned fields,1,apples,0,NA,western_meadowlark,NA,NA,t-test,t,-3.28,1,45,27,NA,NA,NA,NA,NA,12,NA,NA,NA,15,NA,NA,NA,NA,Usable -- converts to effect size without issue,NA
GS4TG5A4,Augustine and Derner 2015,prescribed_fire,abundance,Density,Recently burned fields,Unburned fields,1,apples,0,NA,grasshopper_sparrow,NA,NA,t-test,t,-2.85,1,45,27,NA,NA,NA,NA,NA,12,NA,NA,NA,15,NA,NA,NA,NA,Usable -- converts to effect size without issue,NA
GS4TG5A4,Augustine and Derner 2015,manage_in_patches,abundance,Density,Recently burned fields,Unburned fields,1,apples,0,NA,grasshopper_sparrow,NA,NA,t-test,t,-2.85,1,45,27,NA,NA,NA,NA,NA,12,NA,NA,NA,15,NA,NA,NA,NA,Usable -- converts to effect size without issue,NA
GS4TG5A4,Augustine and Derner 2015,prescribed_fire,abundance,Density,Recently burned fields,Unburned fields,1,apples,0,NA,horned_lark,NA,NA,t-test,t,-1.59,1,45,27,NA,NA,NA,NA,NA,12,NA,NA,NA,15,NA,NA,NA,NA,Usable -- converts to effect size without issue,NA
GS4TG5A4,Augustine and Derner 2015,manage_in_patches,abundance,Density,Recently burned fields,Unburned fields,1,apples,0,NA,horned_lark,NA,NA,t-test,t,-1.59,1,45,27,NA,NA,NA,NA,NA,12,NA,NA,NA,15,NA,NA,NA,NA,Usable -- converts to effect size without issue,NA
GS4TG5A4,Augustine and Derner 2015,prescribed_fire,abundance,Density,Recently burned fields,Unburned fields,1,apples,0,NA,mccowns_longspur,NA,NA,t-test,t,1.6,1,45,27,NA,NA,NA,NA,NA,12,NA,NA,NA,15,NA,NA,NA,NA,Usable -- converts to effect size without issue,NA
GS4TG5A4,Augustine and Derner 2015,manage_in_patches,abundance,Density,Recently burned fields,Unburned fields,1,apples,0,NA,mccowns_longspur,NA,NA,t-test,t,1.6,1,45,27,NA,NA,NA,NA,NA,12,NA,NA,NA,15,NA,NA,NA,NA,Usable -- converts to effect size without issue,NA
GS4TG5A4,Augustine and Derner 2015,prescribed_fire,abundance,Density,Recently burned fields,Unburned fields,1,apples,0,NA,mountain_plover,NA,NA,t-test,t,6.6,1,45,27,NA,NA,NA,NA,NA,12,NA,NA,NA,15,NA,NA,NA,NA,Usable -- converts to effect size without issue,NA
GS4TG5A4,Augustine and Derner 2015,manage_in_patches,abundance,Density,Recently burned fields,Unburned fields,1,apples,0,NA,mountain_plover,NA,NA,t-test,t,6.6,1,45,27,NA,NA,NA,NA,NA,12,NA,NA,NA,15,NA,NA,NA,NA,Usable -- converts to effect size without issue,NA
QADRA6RL,Bollinger et al. 1990,delay_hay,nest_success,abandonment,Pre-haying,1-day post-haying,-1,oranges,0,NA,bobolink,NA,NA,chi-square,chi_square,33.6,1,1,94,NA,NA,NA,NA,NA,31,NA,NA,NA,63,NA,NA,NA,NA,Not usable -- There are less nests post-nesting because the number does not include nests that were destroyed during haying,period_survival
QADRA6RL,Bollinger et al. 1990,delay_hay,nest_success,nest_predation,Pre-haying,2-days post-haying,-1,oranges,0,NA,bobolink,NA,NA,chi-square,chi_square,12.1,1,1,85,NA,NA,NA,NA,NA,25,NA,NA,NA,63,NA,NA,NA,NA,Not usable -- They do not explain what the 25 is ... perhaps this represents the subset of nests that were not abandoned? Does not add up!,period_survival
XYR2I4ZX,Britschgi et al. 2006,delay_hay,nest_success,number of nestings reaching 12 days of age,Traditional plots,Intensive plots,1,apples,1,productivity,whinchat,identity,NA,Mann-Whitney U-test,z,2.14,1,NA,17,NA,NA,NA,NA,NA,9,NA,NA,NA,8,NA,NA,NA,NA,"Not usable -- cannot convert rank test to effect size; The text suggests that intensively managed fields have earlier hay dates, but they do not demonstrate this",period_survival
XYR2I4ZX,Britschgi et al. 2006,delay_hay,nest_success,partial_brood_loss,Traditional plots,Intensive plots,-1,apples,1,partial brood loss -- can this be used?,whinchat,identity,NA,chi-square,chi_square,4.898,-1,NA,17,NA,NA,NA,NA,NA,9,NA,NA,NA,8,NA,NA,NA,NA,"Could be usable -- The text suggests that intensively managed fields have earlier hay dates, but they do not demonstrate this",period_survival
MG5988E5,Camprodon et al. 2008,install_nest_boxes,abundance,abundance,Post-nest box installation in managed forest plots,Pre-nest box installation in managed forest plots,1,apples,0,NA,great_tit,NA,NA,chi-square,chi_square,51.7,1,62,63,NA,NA,NA,NA,NA,NA,NA,NA,NA,NA,NA,NA,NA,NA,Usable -- comparison of two groups and thus converts to effect size without issue,NA
G6VR29X8,Danhardt et al. 2010,eliminate_pesticides,abundance,density,Organic farm,Conventional farm,1,apples,0,NA,all_species,NA,NA,GLMM,f,3.48,1,NA,24,NA,NA,NA,NA,NA,12,NA,NA,NA,12,NA,NA,NA,NA,Usable -- comparison of two groups and thus converts to effect size without issue,NA
JQQJHBMK,Freemark and Kirk 2001,eliminate_pesticides,species_richness,species_richness,Organic farm,Conventional farm,1,apples,0,NA,all_species,NA,NA,chi-square,chi_square,7.49,1,NA,20,NA,NA,NA,NA,NA,10,NA,NA,NA,10,NA,NA,NA,NA,Usable -- comparison of two groups and thus converts to effect size without issue,NA
JQQJHBMK,Freemark and Kirk 2001,eliminate_pesticides,abundance,total_abundance,Organic farm,Conventional farm,1,apples,0,NA,all_species,NA,NA,chi-square,chi_square,7.28,1,NA,20,NA,NA,NA,NA,NA,10,NA,NA,NA,10,NA,NA,NA,NA,Usable -- comparison of two groups and thus converts to effect size without issue,NA
JQQJHBMK,Freemark and Kirk 2001,eliminate_pesticides,abundance,abundance of each species across sites,Organic farm,Conventional farm,1,apples,1,NA,all_species,NA,NA,Wilcoxon signed rank test,z,-2.247,1,NA,20,NA,NA,NA,NA,NA,10,NA,NA,NA,10,NA,NA,NA,NA,Not usable -- cannot convert rank test to effect size,NA
JQQJHBMK,Freemark and Kirk 2001,eliminate_pesticides,abundance,abundance,Organic farm,Conventional farm,1,apples,0,NA,killdeer,NA,NA,chi-square,chi_square,1.41,1,NA,20,NA,NA,NA,NA,NA,10,NA,NA,NA,10,NA,NA,NA,NA,Usable -- comparison of two groups and thus converts to effect size without issue,NA
JQQJHBMK,Freemark and Kirk 2001,eliminate_pesticides,abundance,abundance,Organic farm,Conventional farm,1,apples,0,NA,eastern_kingbird,NA,NA,chi-square,chi_square,10.65,1,NA,20,NA,NA,NA,NA,NA,10,NA,NA,NA,10,NA,NA,NA,NA,Usable -- comparison of two groups and thus converts to effect size without issue,NA
JQQJHBMK,Freemark and Kirk 2001,eliminate_pesticides,abundance,abundance,Organic farm,Conventional farm,1,apples,0,NA,horned_lark,NA,NA,chi-square,chi_square,2.04,1,NA,20,NA,NA,NA,NA,NA,10,NA,NA,NA,10,NA,NA,NA,NA,Usable -- comparison of two groups and thus converts to effect size without issue,NA
JQQJHBMK,Freemark and Kirk 2001,eliminate_pesticides,abundance,abundance,Organic farm,Conventional farm,1,apples,0,NA,common_yellowthroat,NA,NA,chi-square,chi_square,1,1,NA,20,NA,NA,NA,NA,NA,10,NA,NA,NA,10,NA,NA,NA,NA,Usable -- comparison of two groups and thus converts to effect size without issue,NA
JQQJHBMK,Freemark and Kirk 2001,eliminate_pesticides,abundance,abundance,Organic farm,Conventional farm,1,apples,0,NA,indigo_bunting,NA,NA,chi-square,chi_square,5.45,1,NA,20,NA,NA,NA,NA,NA,10,NA,NA,NA,10,NA,NA,NA,NA,Usable -- comparison of two groups and thus converts to effect size without issue,NA
JQQJHBMK,Freemark and Kirk 2001,eliminate_pesticides,abundance,abundance,Organic farm,Conventional farm,1,apples,0,NA,savannah_sparrow,NA,NA,chi-square,chi_square,0,1,NA,20,NA,NA,NA,NA,NA,10,NA,NA,NA,10,NA,NA,NA,NA,Usable -- comparison of two groups and thus converts to effect size without issue,NA
JQQJHBMK,Freemark and Kirk 2001,eliminate_pesticides,abundance,abundance,Organic farm,Conventional farm,1,apples,0,NA,bobolink,NA,NA,chi-square,chi_square,2.58,1,NA,20,NA,NA,NA,NA,NA,10,NA,NA,NA,10,NA,NA,NA,NA,Usable -- comparison of two groups and thus converts to effect size without issue,NA
JQQJHBMK,Freemark and Kirk 2001,eliminate_pesticides,abundance,abundance,Organic farm,Conventional farm,1,apples,0,NA,red_winged_blackbird,NA,NA,chi-square,chi_square,3.07,1,NA,20,NA,NA,NA,NA,NA,10,NA,NA,NA,10,NA,NA,NA,NA,Usable -- comparison of two groups and thus converts to effect size without issue,NA
JQQJHBMK,Freemark and Kirk 2001,eliminate_pesticides,abundance,abundance,Organic farm,Conventional farm,1,apples,0,NA,eastern_meadowlark,NA,NA,chi-square,chi_square,3.08,1,NA,20,NA,NA,NA,NA,NA,10,NA,NA,NA,10,NA,NA,NA,NA,Usable -- comparison of two groups and thus converts to effect size without issue,NA
JQQJHBMK,Freemark and Kirk 2001,eliminate_pesticides,abundance,abundance,Organic farm,Conventional farm,1,apples,0,NA,american_goldfinch,NA,NA,chi-square,chi_square,2.42,1,NA,20,NA,NA,NA,NA,NA,10,NA,NA,NA,10,NA,NA,NA,NA,Usable -- comparison of two groups and thus converts to effect size without issue,NA
WGS7B9Z6,Gardner et al. 2017,remove_non_native_shrubs,abundance,abundance,Removal of invasive honeysuckle,No removal of invasive honeysuckle,1,apples,0,NA,all_species,NA,NA,ANOVA,f,58.33,1,NA,2,NA,NA,NA,NA,1,NA,NA,NA,8,NA,NA,NA,NA,NA,Usable -- comparison of two groups and thus converts to effect size without issue,NA
5LF5W5A9,Glass and Eichholz 2023,edge_and_shrub_habitat,abundance,Nest density,Within 20m of edge,Elsewhere,1,apples,1,NA,field_sparrow,NA,NA,ANOVA,f,3.69,1,39,40,NA,NA,NA,NA,NA,NA,NA,NA,NA,NA,NA,NA,NA,NA,Not usable -- > 2 groups thus cannot convert to effect size,NA
2W9S5HLE,Green et al. 1997,mow_towards_refugia,nest_success,Proportion of chicks killed,Fields mowed from the inside-out,Fields mowed from the outside-in,1,apples,0,NA,corncrake,NA,NA,chi-square,chi_square,31.11,1,NA,10,NA,NA,NA,NA,NA,5,NA,NA,NA,5,NA,NA,NA,NA,Usable -- comparison of two groups and thus converts to effect size without issue; Sample size estimated from the number of farms,period_survival
2W9S5HLE,Green et al. 1997,mow_towards_refugia,nest_success,Proportion of chicks killed,Fields mowed from the inside-out,Fields mowed in strips,1,apples,0,NA,corncrake,NA,NA,chi-square,chi_square,19.686,1,1,9,NA,NA,NA,NA,NA,5,NA,NA,NA,4,NA,NA,NA,NA,Usable -- comparison of two groups and thus converts to effect size without issue; Sample size estimated from the number of farms,period_survival
H9PA8BNU,Kragten and de Snoo 2007,eliminate_pesticides,abundance,Territory density (2004),Organic farm,Conventional farm,1,apples,1,NA,northern_lapwing,NA,NA,Wilcoxon matched-pair test,z,2.09,1,NA,20,NA,NA,NA,NA,NA,NA,NA,NA,NA,NA,NA,NA,NA,NA,Not usable -- cannot convert rank test to effect size,NA
H9PA8BNU,Kragten and de Snoo 2007,eliminate_pesticides,abundance,Territory density (2005),Organic farm,Conventional farm,1,apples,1,NA,northern_lapwing,NA,NA,Wilcoxon matched-pair test,z,1.568,1,NA,40,NA,NA,NA,NA,NA,NA,NA,NA,NA,NA,NA,NA,NA,NA,Not usable -- cannot convert rank test to effect size,NA
H9PA8BNU,Kragten and de Snoo 2007,eliminate_pesticides,nest_success,nest_success (2005),Organic farm,Conventional farm,1,apples,0,NA,northern_lapwing,NA,NA,Likelihood-ratio test,d,3.253,1,1,125,NA,NA,NA,NA,NA,80,NA,NA,NA,45,NA,NA,NA,NA,"Usable -- D is distributed approximately as chi-squared, where df = 1",period_survival
H9PA8BNU,Kragten and de Snoo 2007,eliminate_pesticides,nest_success,nest_success (2006),Organic farm,Conventional farm,1,apples,0,NA,northern_lapwing,NA,NA,Likelihood-ratio test,d,0.073,1,1,117,NA,NA,NA,NA,NA,71,NA,NA,NA,46,NA,NA,NA,NA,"Usable -- D is distributed approximately as chi-squared, where df = 1",period_survival
NH4RI28V,McMullen and Harms 2020,delay_hay,abundance,number of focal species detections,Late-hayed,Early-hayed,1,apples,0,NA,obligate_grassland_species,NA,NA,chi-square,chi_square,29.5,1,NA,32,NA,NA,NA,NA,NA,16,NA,NA,NA,16,NA,NA,NA,NA,Usable -- comparison of two groups and thus converts to effect size without issue; Sample size estimated from the number of farms; Not a great study design! All six sites received the same treatment in a given year (all were mowed early in 2013 or mowed late in 2014).,NA
PKYELK4R,Peak et al. 2004,stream_exclusion_and_buffers,nest_success,nest_success,No buffer,Buffer,-1,apples,0,NA,gray_catbird,logistic_exposure,confidence_intervals,odds_ratio,odds_ratio,0.581,-1,NA,175,NA,NA,0.357,0.946,NA,NA,NA,NA,NA,NA,NA,NA,NA,NA,Usable -- converts to effect size without issue,daily_survival
PKYELK4R,Peak et al. 2004,stream_exclusion_and_buffers,nest_success,nest_success,No buffer,Buffer,-1,apples,0,NA,northern_cardinal,logistic_exposure,confidence_intervals,odds_ratio,odds_ratio,0.97,-1,NA,55,NA,NA,0.492,1.912,NA,NA,NA,NA,NA,NA,NA,NA,NA,NA,Usable -- converts to effect size without issue,daily_survival
PKYELK4R,Peak et al. 2004,stream_exclusion_and_buffers,nest_success,nest_success,No buffer,Buffer,-1,apples,0,NA,indigo_bunting,logistic_exposure,confidence_intervals,odds_ratio,odds_ratio,1.008,-1,NA,223,NA,NA,0.941,1.08,NA,NA,NA,NA,NA,NA,NA,NA,NA,NA,Usable -- converts to effect size without issue,daily_survival
PKYELK4R,Peak et al. 2004,edge_and_shrub_habitat,nest_success,nest_success,Narrow buffer,Wide buffer,-1,grapes,0,NA,gray_catbird,logistic_exposure,confidence_intervals,odds_ratio,odds_ratio,1.63,1,NA,175,NA,NA,0.98,2.711,NA,NA,NA,NA,NA,NA,NA,NA,NA,NA,Usable -- converts to effect size without issue; Not sure if narrow vs. wide buffer is a reasonable test of stream exclusion and buffers or edge habitat,daily_survival
PKYELK4R,Peak et al. 2004,stream_exclusion_and_buffers,nest_success,nest_success,Narrow buffer,Wide buffer,-1,grapes,0,NA,gray_catbird,logistic_exposure,confidence_intervals,odds_ratio,odds_ratio,1.63,1,NA,175,NA,NA,0.98,2.711,NA,NA,NA,NA,NA,NA,NA,NA,NA,NA,Usable -- converts to effect size without issue; Not sure if narrow vs. wide buffer is a reasonable test of stream exclusion and buffers or edge habitat,daily_survival
PKYELK4R,Peak et al. 2004,stream_exclusion_and_buffers,nest_success,nest_success,Narrow buffer,Wide buffer,-1,apples,0,NA,northern_cardinal,logistic_exposure,confidence_intervals,odds_ratio,odds_ratio,2.921,1,NA,55,NA,NA,0.922,9.252,NA,NA,NA,NA,NA,NA,NA,NA,NA,NA,Usable -- converts to effect size without issue; Not sure if narrow vs. wide buffer is a reasonable test of stream exclusion and buffers or edge habitat,daily_survival
PKYELK4R,Peak et al. 2004,stream_exclusion_and_buffers,nest_success,nest_success,Narrow buffer,Wide buffer,-1,apples,0,NA,indigo_bunting,logistic_exposure,confidence_intervals,odds_ratio,odds_ratio,0.981,1,NA,223,NA,NA,0.891,1.08,NA,NA,NA,NA,NA,NA,NA,NA,NA,NA,Usable -- converts to effect size without issue; Not sure if narrow vs. wide buffer is a reasonable test of stream exclusion and buffers or edge habitat,daily_survival
ASXX3FVX,Robertson and Rendell 1990,install_nest_boxes,nest_success,nest_success (1986),Nest boxes,Natural cavities,1,apples,0,NA,tree_swallow,NA,NA,chi-square,chi_square,1.8,1,137,138,NA,NA,NA,NA,NA,68,NA,NA,NA,70,NA,NA,NA,NA,Usable -- comparison of two groups and thus converts to effect size without issue,period_survival
ASXX3FVX,Robertson and Rendell 1990,install_nest_boxes,nest_success,nest_success (1987),Nest boxes,Natural cavities,1,apples,0,NA,tree_swallow,NA,NA,chi-square,chi_square,0.4,1,118,119,NA,NA,NA,NA,NA,79,NA,NA,NA,40,NA,NA,NA,NA,Usable -- comparison of two groups and thus converts to effect size without issue,period_survival
5NQRR4P5,Smith et al. 2010,eliminate_pesticides,species_richness,species_richness,Homogenous organic farm,Homogenous conventional farm,1,apples,0,NA,all_species,NA,NA,GLMM,f,9.29,1,23,24,NA,NA,NA,NA,NA,12,NA,NA,NA,12,NA,NA,NA,NA,Usable -- comparison of two groups and thus converts to effect size without issue,NA
5NQRR4P5,Smith et al. 2010,eliminate_pesticides,species_richness,species_richness,Heterogenous organic farm,Heterogenous conventional farm,1,apples,0,NA,all_species,NA,NA,GLMM,f,0.07,1,23,24,NA,NA,NA,NA,NA,12,NA,NA,NA,12,NA,NA,NA,NA,Usable -- comparison of two groups and thus converts to effect size without issue,NA
5NQRR4P5,Smith et al. 2010,eliminate_pesticides,abundance,total_abundance,Organic farm,Conventional farm,1,apples,0,NA,all_species,NA,NA,GLMM,f,1.83,1,23,24,NA,NA,NA,NA,NA,12,NA,NA,NA,12,NA,NA,NA,NA,Usable -- comparison of two groups and thus converts to effect size without issue,NA
5NQRR4P5,Smith et al. 2010,eliminate_pesticides,abundance,density,Organic farm,Conventional farm,1,apples,0,NA,passerines,NA,NA,GLMM,f,1.84,1,23,24,NA,NA,NA,NA,NA,12,NA,NA,NA,12,NA,NA,NA,NA,Usable -- comparison of two groups and thus converts to effect size without issue,NA
JQQJHBMK,Freemark and Kirk 2001,eliminate_pesticides,abundance,abundance,Organic farm,Conventional farm,1,apples,0,NA,upland_sandpiper,NA,NA,chi-square,chi_square,0.28,1,NA,20,NA,NA,NA,NA,NA,10,NA,NA,NA,10,NA,NA,NA,NA,Usable -- comparison of two groups and thus converts to effect size without issue,NA
JQQJHBMK,Freemark and Kirk 2001,eliminate_pesticides,abundance,abundance,Organic farm,Conventional farm,1,apples,0,NA,common_snipe,NA,NA,chi-square,chi_square,1.63,1,NA,20,NA,NA,NA,NA,NA,10,NA,NA,NA,10,NA,NA,NA,NA,Usable -- comparison of two groups and thus converts to effect size without issue,NA
JQQJHBMK,Freemark and Kirk 2001,eliminate_pesticides,abundance,abundance,Organic farm,Conventional farm,1,apples,0,NA,ring_billed_gull,NA,NA,chi-square,chi_square,0.36,1,NA,20,NA,NA,NA,NA,NA,10,NA,NA,NA,10,NA,NA,NA,NA,Usable -- comparison of two groups and thus converts to effect size without issue,NA
JQQJHBMK,Freemark and Kirk 2001,eliminate_pesticides,abundance,abundance,Organic farm,Conventional farm,1,apples,0,NA,mourning_dove,NA,NA,chi-square,chi_square,5.18,1,NA,20,NA,NA,NA,NA,NA,10,NA,NA,NA,10,NA,NA,NA,NA,Usable -- comparison of two groups and thus converts to effect size without issue,NA
JQQJHBMK,Freemark and Kirk 2001,eliminate_pesticides,abundance,abundance,Organic farm,Conventional farm,1,apples,0,NA,northern_flicker,NA,NA,chi-square,chi_square,2.12,1,NA,20,NA,NA,NA,NA,NA,10,NA,NA,NA,10,NA,NA,NA,NA,Usable -- comparison of two groups and thus converts to effect size without issue,NA
JQQJHBMK,Freemark and Kirk 2001,eliminate_pesticides,abundance,abundance,Organic farm,Conventional farm,1,apples,0,NA,eastern_wood_pewee,NA,NA,chi-square,chi_square,10.98,1,NA,20,NA,NA,NA,NA,NA,10,NA,NA,NA,10,NA,NA,NA,NA,Usable -- comparison of two groups and thus converts to effect size without issue,NA
JQQJHBMK,Freemark and Kirk 2001,eliminate_pesticides,abundance,abundance,Organic farm,Conventional farm,1,apples,0,NA,great_crested_flycatcher,NA,NA,chi-square,chi_square,5.45,1,NA,20,NA,NA,NA,NA,NA,10,NA,NA,NA,10,NA,NA,NA,NA,Usable -- comparison of two groups and thus converts to effect size without issue,NA
JQQJHBMK,Freemark and Kirk 2001,eliminate_pesticides,abundance,abundance,Organic farm,Conventional farm,1,apples,0,NA,tree_swallow,NA,NA,chi-square,chi_square,0.62,1,NA,20,NA,NA,NA,NA,NA,10,NA,NA,NA,10,NA,NA,NA,NA,Usable -- comparison of two groups and thus converts to effect size without issue,NA
JQQJHBMK,Freemark and Kirk 2001,eliminate_pesticides,abundance,abundance,Organic farm,Conventional farm,1,apples,0,NA,bank_swallow,NA,NA,chi-square,chi_square,0.06,1,NA,20,NA,NA,NA,NA,NA,10,NA,NA,NA,10,NA,NA,NA,NA,Usable -- comparison of two groups and thus converts to effect size without issue,NA
JQQJHBMK,Freemark and Kirk 2001,eliminate_pesticides,abundance,abundance,Organic farm,Conventional farm,1,apples,0,NA,cliff_swallow,NA,NA,chi-square,chi_square,0.48,1,NA,20,NA,NA,NA,NA,NA,10,NA,NA,NA,10,NA,NA,NA,NA,Usable -- comparison of two groups and thus converts to effect size without issue,NA
JQQJHBMK,Freemark and Kirk 2001,eliminate_pesticides,abundance,abundance,Organic farm,Conventional farm,1,apples,0,NA,barn_swallow,NA,NA,chi-square,chi_square,3.53,1,NA,20,NA,NA,NA,NA,NA,10,NA,NA,NA,10,NA,NA,NA,NA,Usable -- comparison of two groups and thus converts to effect size without issue,NA
JQQJHBMK,Freemark and Kirk 2001,eliminate_pesticides,abundance,abundance,Organic farm,Conventional farm,1,apples,0,NA,blue_jay,NA,NA,chi-square,chi_square,1.08,1,NA,20,NA,NA,NA,NA,NA,10,NA,NA,NA,10,NA,NA,NA,NA,Usable -- comparison of two groups and thus converts to effect size without issue,NA
JQQJHBMK,Freemark and Kirk 2001,eliminate_pesticides,abundance,abundance,Organic farm,Conventional farm,1,apples,0,NA,american_crow,NA,NA,chi-square,chi_square,1.63,1,NA,20,NA,NA,NA,NA,NA,10,NA,NA,NA,10,NA,NA,NA,NA,Usable -- comparison of two groups and thus converts to effect size without issue,NA
JQQJHBMK,Freemark and Kirk 2001,eliminate_pesticides,abundance,abundance,Organic farm,Conventional farm,1,apples,0,NA,american_robin,NA,NA,chi-square,chi_square,0.8,1,NA,20,NA,NA,NA,NA,NA,10,NA,NA,NA,10,NA,NA,NA,NA,Usable -- comparison of two groups and thus converts to effect size without issue,NA
JQQJHBMK,Freemark and Kirk 2001,eliminate_pesticides,abundance,abundance,Organic farm,Conventional farm,1,apples,0,NA,brown_thrasher,NA,NA,chi-square,chi_square,0.72,1,NA,20,NA,NA,NA,NA,NA,10,NA,NA,NA,10,NA,NA,NA,NA,Usable -- comparison of two groups and thus converts to effect size without issue,NA
JQQJHBMK,Freemark and Kirk 2001,eliminate_pesticides,abundance,abundance,Organic farm,Conventional farm,1,apples,0,NA,cedar_waxwing,NA,NA,chi-square,chi_square,1.65,1,NA,20,NA,NA,NA,NA,NA,10,NA,NA,NA,10,NA,NA,NA,NA,Usable -- comparison of two groups and thus converts to effect size without issue,NA
JQQJHBMK,Freemark and Kirk 2001,eliminate_pesticides,abundance,abundance,Organic farm,Conventional farm,1,apples,0,NA,european_starling,NA,NA,chi-square,chi_square,2.09,1,NA,20,NA,NA,NA,NA,NA,10,NA,NA,NA,10,NA,NA,NA,NA,Usable -- comparison of two groups and thus converts to effect size without issue,NA
JQQJHBMK,Freemark and Kirk 2001,eliminate_pesticides,abundance,abundance,Organic farm,Conventional farm,1,apples,0,NA,yellow_warbler,NA,NA,chi-square,chi_square,0.31,1,NA,20,NA,NA,NA,NA,NA,10,NA,NA,NA,10,NA,NA,NA,NA,Usable -- comparison of two groups and thus converts to effect size without issue,NA
JQQJHBMK,Freemark and Kirk 2001,eliminate_pesticides,abundance,abundance,Organic farm,Conventional farm,1,apples,0,NA,rose_breasted_grosbeak,NA,NA,chi-square,chi_square,7.5,1,NA,20,NA,NA,NA,NA,NA,10,NA,NA,NA,10,NA,NA,NA,NA,Usable -- comparison of two groups and thus converts to effect size without issue,NA
JQQJHBMK,Freemark and Kirk 2001,eliminate_pesticides,abundance,abundance,Organic farm,Conventional farm,1,apples,0,NA,chipping_sparrow,NA,NA,chi-square,chi_square,0,1,NA,20,NA,NA,NA,NA,NA,10,NA,NA,NA,10,NA,NA,NA,NA,Usable -- comparison of two groups and thus converts to effect size without issue,NA
JQQJHBMK,Freemark and Kirk 2001,eliminate_pesticides,abundance,abundance,Organic farm,Conventional farm,1,apples,0,NA,vesper_sparrow,NA,NA,chi-square,chi_square,3.64,1,NA,20,NA,NA,NA,NA,NA,10,NA,NA,NA,10,NA,NA,NA,NA,Usable -- comparison of two groups and thus converts to effect size without issue,NA
JQQJHBMK,Freemark and Kirk 2001,eliminate_pesticides,abundance,abundance,Organic farm,Conventional farm,1,apples,0,NA,song_sparrow,NA,NA,chi-square,chi_square,1.97,1,NA,20,NA,NA,NA,NA,NA,10,NA,NA,NA,10,NA,NA,NA,NA,Usable -- comparison of two groups and thus converts to effect size without issue,NA
JQQJHBMK,Freemark and Kirk 2001,eliminate_pesticides,abundance,abundance,Organic farm,Conventional farm,1,apples,0,NA,white_crowned_sparrow,NA,NA,chi-square,chi_square,7.57,1,NA,20,NA,NA,NA,NA,NA,10,NA,NA,NA,10,NA,NA,NA,NA,Usable -- comparison of two groups and thus converts to effect size without issue,NA
JQQJHBMK,Freemark and Kirk 2001,eliminate_pesticides,abundance,abundance,Organic farm,Conventional farm,1,apples,0,NA,common_grackle,NA,NA,chi-square,chi_square,2.76,1,NA,20,NA,NA,NA,NA,NA,10,NA,NA,NA,10,NA,NA,NA,NA,Usable -- comparison of two groups and thus converts to effect size without issue,NA
JQQJHBMK,Freemark and Kirk 2001,eliminate_pesticides,abundance,abundance,Organic farm,Conventional farm,1,apples,0,NA,brown_headed_cowbird,NA,NA,chi-square,chi_square,6.19,1,NA,20,NA,NA,NA,NA,NA,10,NA,NA,NA,10,NA,NA,NA,NA,Usable -- comparison of two groups and thus converts to effect size without issue,NA
JQQJHBMK,Freemark and Kirk 2001,eliminate_pesticides,abundance,abundance,Organic farm,Conventional farm,1,apples,0,NA,baltimore_oriole,NA,NA,chi-square,chi_square,0.83,1,NA,20,NA,NA,NA,NA,NA,10,NA,NA,NA,10,NA,NA,NA,NA,Usable -- comparison of two groups and thus converts to effect size without issue,NA
DNJ2A44M,Long et al. 2012,prescribed_fire,nest_success,dsr,2-year burn sites,4-year burn sites,1,oranges,1,NA,lark_sparrow,logistic_exposure,confidence_intervals,logistic_exposure,odds_ratio,1.11,NA,NA,NA,NA,NA,0.83,1.49,NA,NA,NA,NA,NA,NA,NA,NA,NA,NA,Treatment flag: Omit -- too close a comparison for prescribed burning,daily_survival
DNJ2A44M,Long et al. 2012,prescribed_fire,nest_success,dsr,2-year burn sites,10-year burn sites,1,apples,0,NA,lark_sparrow,logistic_exposure,confidence_intervals,logistic_exposure,odds_ratio,1.55,NA,NA,NA,NA,NA,1.1,2.18,NA,NA,NA,NA,NA,NA,NA,NA,NA,NA,Good,daily_survival
DNJ2A44M,Long et al. 2012,prescribed_fire,nest_success,dsr,4-year burn sites,10-year burn sites,1,apples,1,NA,lark_sparrow,logistic_exposure,confidence_intervals,logistic_exposure,odds_ratio,1.4,NA,NA,NA,NA,NA,0.97,2.01,NA,NA,NA,NA,NA,NA,NA,NA,NA,NA,This might be okay 4-yr vs. 10 yr.,daily_survival
